Date,Upstream Depth (ft),Downstream Depth (ft)
2016-01-01,0.81,3.6
2016-01-02,0.8,3.65
2016-01-03,0.8,3.64
2016-01-04,0.8,3.61
2016-01-05,0.8,3.57
2016-01-06,0.8,3.58
2016-01-07,0.8,3.59
2016-01-08,0.8,3.6
2016-01-09,0.81,3.6
2016-01-10,0.8,3.59
2016-01-11,0.8,3.59
2016-01-12,0.81,3.59
2016-01-13,0.8,3.59
2016-01-14,0.8,3.59
2016-01-15,0.8,3.59
2016-01-16,0.8,3.59
2016-01-17,0.81,3.59
2016-01-18,0.81,3.6
2016-01-19,0.81,3.61
2016-01-20,0.8,3.59
2016-01-21,0.8,3.61
2016-01-22,0.8,3.6
2016-01-23,0.8,3.6
2016-01-24,0.8,3.61
2016-01-25,0.8,3.6
2016-01-26,0.8,3.6
2016-01-27,0.8,3.6
2016-01-28,0.8,3.6
2016-01-29,0.8,3.59
2016-01-30,0.8,3.59
2016-01-31,0.81,3.67
2016-02-01,0.8,3.64
2016-02-02,0.8,3.61
2016-02-03,0.8,3.63
2016-02-04,0.81,3.64
2016-02-05,0.81,3.62
2016-02-06,0.81,3.62
2016-02-07,0.81,3.61
2016-02-08,0.81,3.61
2016-02-09,0.81,3.61
2016-02-10,0.81,3.61
2016-02-11,0.81,3.6
2016-02-12,0.81,3.6
2016-02-13,0.82,3.6
2016-02-14,0.82,3.63
2016-02-15,0.82,3.61
2016-02-16,0.82,3.67
2016-02-17,0.81,3.63
2016-02-18,0.81,3.65
2016-02-19,0.83,3.94
2016-02-20,0.82,3.81
2016-02-21,0.83,3.84
2016-02-22,0.81,3.79
2016-02-23,0.82,3.74
2016-02-24,0.81,3.69
2016-02-25,0.82,3.68
2016-02-26,0.82,3.68
2016-02-27,0.82,3.69
2016-02-28,0.83,3.76
2016-02-29,0.84,3.81
2016-03-01,0.85,3.8
2016-03-02,0.82,3.74
2016-03-03,0.82,3.75
2016-03-04,0.83,3.71
2016-03-05,0.84,3.73
2016-03-06,0.82,3.7
2016-03-07,0.83,3.76
2016-03-08,0.83,3.71
2016-03-09,0.82,3.66
2016-03-10,0.81,3.65
2016-03-11,0.82,3.65
2016-03-12,0.83,3.65
2016-03-13,0.83,3.66
2016-03-14,0.81,3.62
2016-03-15,0.82,3.64
2016-03-16,0.81,3.62
2016-03-17,0.81,3.63
2016-03-18,0.81,3.61
2016-03-19,0.82,3.62
2016-03-20,0.81,3.61
2016-03-21,0.83,3.62
2016-03-22,0.81,3.58
2016-03-23,0.8,3.6
2016-03-24,0.8,3.58
2016-03-25,0.8,3.58
2016-03-26,0.8,3.58
2016-03-27,0.8,3.65
2016-03-28,0.8,3.56
2016-03-29,0.8,3.59
2016-03-30,0.81,3.6
2016-03-31,0.8,3.58
2016-04-01,0.8,3.58
2016-04-02,0.8,3.55
2016-04-03,0.8,3.56
2016-04-04,0.8,3.57
2016-04-05,0.8,3.56
2016-04-06,0.8,3.56
2016-04-07,0.8,3.55
2016-04-08,0.8,3.55
2016-04-09,0.84,3.55
2016-04-10,0.8,3.55
2016-04-11,0.8,3.55
2016-04-12,0.8,3.55
2016-04-13,0.79,3.53
2016-04-14,0.79,3.53
2016-04-15,0.8,3.58
2016-04-16,0.93,3.79
2016-04-17,0.94,3.81
2016-04-18,0.94,3.81
2016-04-19,0.94,3.82
2016-04-20,0.93,3.8
2016-04-21,0.87,3.63
2016-04-22,0.83,3.59
2016-04-23,0.83,3.62
2016-04-24,0.83,3.62
2016-04-25,0.84,3.63
2016-04-26,0.84,3.67
2016-04-27,0.84,3.7
2016-04-28,0.85,3.84
2016-04-29,0.85,3.79
2016-04-30,0.85,3.79
2016-05-01,0.86,3.75
2016-05-02,0.85,3.73
2016-05-03,1.05,4.07
2016-05-04,1.05,4.1
2016-05-05,1.04,4.08
2016-05-06,1.03,4.06
2016-05-07,1.04,4.08
2016-05-08,1.04,4.07
2016-05-09,1.05,4.13
2016-05-10,1.05,4.15
2016-05-11,1.05,4.13
2016-05-12,1.05,4.11
2016-05-13,1.06,4.09
2016-05-14,1.04,4.08
2016-05-15,1.03,4.08
2016-05-16,1.05,4.16
2016-05-17,1.04,4.2
2016-05-18,1.02,4.17
2016-05-19,1.0,4.12
2016-05-20,1.01,4.12
2016-05-21,1.01,4.17
2016-05-22,1.02,4.22
2016-05-23,1.02,4.19
2016-05-24,1.01,4.16
2016-05-25,0.98,4.09
2016-05-26,1.0,4.09
2016-05-27,0.96,4.05
2016-05-28,0.97,4.08
2016-05-29,0.97,4.06
2016-05-30,0.96,3.98
2016-05-31,0.93,3.96
2016-06-01,0.93,3.95
2016-06-02,0.9,3.97
2016-06-03,0.9,3.88
2016-06-04,0.9,3.86
2016-06-05,0.92,3.88
2016-06-06,0.91,3.93
2016-06-07,0.9,3.87
2016-06-08,0.89,3.85
2016-06-09,0.89,3.85
2016-06-10,0.87,3.83
2016-06-11,0.88,3.79
2016-06-12,0.88,3.8
2016-06-13,0.91,3.85
2016-06-14,0.89,3.85
2016-06-15,0.88,3.88
2016-06-16,0.89,3.87
2016-06-17,0.87,3.81
2016-06-18,0.86,3.79
2016-06-19,0.86,3.81
2016-06-20,0.85,3.77
2016-06-21,1.41,4.64
2016-06-22,2.32,5.85
2016-06-23,2.42,6.43
2016-06-24,2.39,6.44
2016-06-25,1.45,5.13
2016-06-26,0.84,3.95
2016-06-27,0.83,3.74
2016-06-28,0.83,3.76
2016-06-29,0.8,3.69
2016-06-30,0.84,3.73
2016-07-01,0.85,3.83
2016-07-02,0.84,3.77
2016-07-03,0.84,3.77
2016-07-04,0.86,3.82
2016-07-05,0.83,3.8
2016-07-06,0.82,3.78
2016-07-07,0.81,3.77
2016-07-08,0.82,3.77
2016-07-09,0.8,3.74
2016-07-10,0.79,3.68
2016-07-11,0.83,3.74
2016-07-12,0.8,3.69
2016-07-13,0.8,3.69
2016-07-14,0.88,3.85
2016-07-15,0.77,3.68
2016-07-16,1.12,4.28
2016-07-17,1.14,4.33
2016-07-18,1.17,4.37
2016-07-19,1.16,4.37
2016-07-20,1.15,4.38
2016-07-21,1.15,4.38
2016-07-22,1.15,4.39
2016-07-23,1.15,4.35
2016-07-24,1.16,4.35
2016-07-25,1.17,4.36
2016-07-26,1.17,4.4
2016-07-27,1.16,4.38
2016-07-28,1.14,4.38
2016-07-29,1.14,4.36
2016-07-30,1.15,4.32
2016-07-31,1.15,4.36
2016-08-01,1.17,4.36
2016-08-02,1.15,4.38
2016-08-03,1.17,4.42
2016-08-04,1.16,4.43
2016-08-05,1.15,4.42
2016-08-06,1.15,4.41
2016-08-07,1.18,4.44
2016-08-08,1.17,4.43
2016-08-09,1.18,4.45
2016-08-10,1.16,4.41
2016-08-11,1.17,4.44
2016-08-12,1.2,4.49
2016-08-13,1.19,4.49
2016-08-14,1.18,4.47
2016-08-15,1.18,4.46
2016-08-16,1.18,4.48
2016-08-17,1.19,4.46
2016-08-18,1.51,5.01
2016-08-19,1.5,5.03
2016-08-20,1.5,5.0
2016-08-21,1.51,4.99
2016-08-22,1.49,4.99
2016-08-23,1.48,5.02
2016-08-24,1.5,5.06
2016-08-25,1.49,5.02
2016-08-26,1.52,5.05
2016-08-27,1.51,5.05
2016-08-28,1.54,5.06
2016-08-29,1.54,5.12
2016-08-30,1.54,5.11
2016-08-31,1.53,5.09
2016-09-01,1.53,5.11
2016-09-02,1.55,5.12
2016-09-03,1.55,5.16
2016-09-04,1.57,5.17
2016-09-05,1.58,5.16
2016-09-06,1.57,5.14
2016-09-07,1.57,5.17
2016-09-08,1.57,5.18
2016-09-09,1.57,5.19
2016-09-10,1.58,5.16
2016-09-11,1.58,5.14
2016-09-12,1.58,5.16
2016-09-13,1.57,5.1
2016-09-14,1.59,5.18
2016-09-15,1.59,5.21
2016-09-16,1.33,4.76
2016-09-17,1.35,4.75
2016-09-18,1.34,4.76
2016-09-19,1.33,4.72
2016-09-20,1.34,4.73
2016-09-21,1.32,4.69
2016-09-22,1.32,4.72
2016-09-23,1.35,4.76
2016-09-24,1.36,4.82
2016-09-25,1.36,4.81
2016-09-26,1.36,4.8
2016-09-27,1.36,4.81
2016-09-28,1.42,4.81
2016-09-29,1.36,4.78
2016-09-30,1.35,4.76
2016-10-01,1.34,4.75
2016-10-02,1.37,4.8
2016-10-03,1.37,4.82
2016-10-04,1.15,4.45
2016-10-05,1.14,4.41
2016-10-06,1.14,4.4
2016-10-07,1.17,4.45
2016-10-08,1.16,4.44
2016-10-09,1.16,4.42
2016-10-10,1.16,4.42
2016-10-11,1.16,4.41
2016-10-12,1.16,4.41
2016-10-13,1.17,4.43
2016-10-14,1.17,4.42
2016-10-15,0.8,3.79
2016-10-16,0.8,3.73
2016-10-17,0.8,3.71
2016-10-18,0.79,3.7
2016-10-19,0.79,3.7
2016-10-20,0.79,3.7
2016-10-21,0.79,3.69
2016-10-22,0.79,3.69
2016-10-23,0.79,3.69
2016-10-24,0.8,3.68
2016-10-25,0.8,3.71
2016-10-26,0.8,3.68
2016-10-27,0.8,3.69
2016-10-28,0.8,3.7
2016-10-29,0.8,3.68
2016-10-30,0.8,3.68
2016-10-31,0.8,3.69
2016-11-01,0.8,3.73
2016-11-02,0.81,3.71
2016-11-03,0.8,3.69
2016-11-04,0.8,3.69
2016-11-05,0.8,3.69
2016-11-06,0.8,3.69
2016-11-07,0.8,3.69
2016-11-08,0.79,3.67
2016-11-09,0.79,3.68
2016-11-10,0.8,3.68
2016-11-11,0.8,3.68
2016-11-12,0.8,3.68
2016-11-13,0.8,3.68
2016-11-14,0.8,3.68
2016-11-15,0.8,3.67
2016-11-16,0.8,3.67
2016-11-17,0.8,3.67
2016-11-18,0.8,3.66
2016-11-19,0.8,3.66
2016-11-20,0.8,3.66
2016-11-21,0.8,3.67
2016-11-22,0.8,3.72
2016-11-23,0.8,3.68
2016-11-24,0.8,3.67
2016-11-25,0.8,3.67
2016-11-26,0.8,3.68
2016-11-27,0.8,3.67
2016-11-28,0.81,3.69
2016-11-29,0.81,3.7
2016-11-30,0.81,3.68
2016-12-01,0.81,3.67
2016-12-02,0.8,3.66
2016-12-03,0.8,3.67
2016-12-04,0.8,3.66
2016-12-05,0.8,3.66
2016-12-06,0.81,3.65
2016-12-07,0.81,3.66
2016-12-08,0.81,3.65
2016-12-09,0.81,3.65
2016-12-10,0.81,3.65
2016-12-11,0.82,3.77
2016-12-12,0.82,3.8
2016-12-13,0.81,3.7
2016-12-14,0.81,3.68
2016-12-15,0.82,3.69
2016-12-16,0.81,3.7
2016-12-17,0.85,4.51
2016-12-18,0.83,3.84
2016-12-19,0.82,3.74
2016-12-20,0.82,3.7
2016-12-21,0.82,3.69
2016-12-22,0.82,3.69
2016-12-23,0.82,3.68
2016-12-24,0.82,3.67
2016-12-25,0.82,3.68
2016-12-26,0.82,3.69
2016-12-27,0.82,3.68
2016-12-28,0.82,3.67
2016-12-29,0.82,3.68
2016-12-30,0.82,3.66
2016-12-31,0.82,3.67
2017-01-01,0.82,3.66
2017-01-02,0.82,3.66
2017-01-03,0.82,3.67
2017-01-04,0.82,3.66
2017-01-05,0.82,3.68
2017-01-06,0.82,3.63
2017-01-07,0.82,3.7
2017-01-08,0.82,3.7
2017-01-09,0.82,3.7
2017-01-10,0.84,4.25
2017-01-11,0.83,3.94
2017-01-12,0.82,3.88
2017-01-13,0.82,3.8
2017-01-14,0.82,3.75
2017-01-15,0.82,3.73
2017-01-16,0.82,3.71
2017-01-17,0.82,3.7
2017-01-18,0.82,3.69
2017-01-19,0.82,3.66
2017-01-20,0.82,3.67
2017-01-21,0.82,3.68
2017-01-22,0.82,3.68
2017-01-23,0.82,3.68
2017-01-24,0.83,3.7
2017-01-25,0.83,3.69
2017-01-26,0.83,3.68
2017-01-27,0.82,3.68
2017-01-28,0.82,3.67
2017-01-29,0.82,3.67
2017-01-30,0.82,3.67
2017-01-31,0.83,3.66
2017-02-01,0.83,3.65
2017-02-02,0.83,3.66
2017-02-03,0.83,3.67
2017-02-04,0.83,3.67
2017-02-05,0.84,3.74
2017-02-06,0.83,3.74
2017-02-07,0.84,3.75
2017-02-08,0.86,4.16
2017-02-09,0.85,4.16
2017-02-10,0.86,4.18
2017-02-11,0.89,4.79
2017-02-12,0.91,4.61
2017-02-13,0.87,4.06
2017-02-14,0.86,3.91
2017-02-15,0.85,3.86
2017-02-16,0.85,3.83
2017-02-17,0.85,3.82
2017-02-18,0.85,3.82
2017-02-19,0.86,3.83
2017-02-20,0.86,3.92
2017-02-21,0.86,3.87
2017-02-22,0.9,3.94
2017-02-23,0.88,4.03
2017-02-24,0.86,3.91
2017-02-25,0.85,3.85
2017-02-26,0.85,3.86
2017-02-27,0.85,3.83
2017-02-28,0.85,3.81
2017-03-01,0.85,3.81
2017-03-02,0.84,3.79
2017-03-03,0.84,3.8
2017-03-04,0.85,3.81
2017-03-05,0.85,3.8
2017-03-06,0.85,3.86
2017-03-07,0.85,3.88
2017-03-08,0.85,3.85
2017-03-09,0.84,3.89
2017-03-10,0.84,3.81
2017-03-11,0.84,3.79
2017-03-12,0.85,3.83
2017-03-13,0.84,3.82
2017-03-14,0.84,3.81
2017-03-15,0.84,3.82
2017-03-16,0.84,3.81
2017-03-17,0.84,3.82
2017-03-18,0.84,3.82
2017-03-19,0.84,3.83
2017-03-20,0.86,3.87
2017-03-21,0.85,3.87
2017-03-22,0.83,3.85
2017-03-23,0.86,3.95
2017-03-24,0.84,4.0
2017-03-25,0.84,3.88
2017-03-26,0.86,3.9
2017-03-27,0.85,3.85
2017-03-28,0.85,3.94
2017-03-29,0.84,3.85
2017-03-30,0.84,3.82
2017-03-31,0.85,3.85
2017-04-01,0.85,4.03
2017-04-02,0.84,3.92
2017-04-03,0.86,3.93
2017-04-04,0.85,3.85
2017-04-05,0.84,3.82
2017-04-06,0.84,3.83
2017-04-07,0.83,3.77
2017-04-08,0.83,3.79
2017-04-09,0.83,3.84
2017-04-10,0.84,3.83
2017-04-11,0.83,3.78
2017-04-12,0.83,3.76
2017-04-13,0.83,3.72
2017-04-14,0.82,3.73
2017-04-15,0.86,3.82
2017-04-16,0.82,3.79
2017-04-17,0.84,3.82
2017-04-18,0.85,3.81
2017-04-19,0.83,3.78
2017-04-20,0.95,3.99
2017-04-21,0.94,4.01
2017-04-22,0.93,3.95
2017-04-23,0.93,3.95
2017-04-24,0.96,4.01
2017-04-25,0.91,3.86
2017-04-26,0.91,4.0
2017-04-27,0.84,3.84
2017-04-28,0.84,3.93
2017-04-29,0.84,3.87
2017-04-30,0.84,3.87
2017-05-01,0.85,3.9
2017-05-02,0.83,3.86
2017-05-03,0.83,3.81
2017-05-04,0.82,3.81
2017-05-05,0.78,3.79
2017-05-06,1.62,5.12
2017-05-07,1.64,5.23
2017-05-08,1.62,5.28
2017-05-09,1.61,5.36
2017-05-10,1.97,5.81
2017-05-11,1.99,
2017-05-12,1.95,
2017-05-13,1.97,
2017-05-14,2.25,
2017-05-15,2.25,
2017-05-16,2.23,
2017-05-17,2.23,
2017-05-18,2.23,6.22
2017-05-19,2.24,6.21
2017-05-20,2.24,6.24
2017-05-21,2.24,6.21
2017-05-22,2.25,6.2
2017-05-23,2.07,5.98
2017-05-24,2.06,6.02
2017-05-25,2.06,6.0
2017-05-26,2.06,6.01
2017-05-27,2.24,6.15
2017-05-28,2.25,6.19
2017-05-29,2.26,6.23
2017-05-30,2.25,6.22
2017-05-31,1.93,5.81
2017-06-01,1.97,5.81
2017-06-02,1.97,5.88
2017-06-03,1.96,5.89
2017-06-04,1.98,5.87
2017-06-05,1.99,5.88
2017-06-06,2.94,7.09
2017-06-07,2.94,7.22
2017-06-08,2.94,7.18
2017-06-09,2.92,7.13
2017-06-10,2.8,7.07
2017-06-11,2.81,7.07
2017-06-12,2.82,7.08
2017-06-13,2.8,6.99
2017-06-14,2.68,6.86
2017-06-15,2.6,6.77
2017-06-16,2.55,6.67
2017-06-17,2.53,6.55
2017-06-18,2.51,6.55
2017-06-19,2.53,6.57
2017-06-20,2.52,6.54
2017-06-21,2.51,6.51
2017-06-22,2.49,6.5
2017-06-23,2.5,6.51
2017-06-24,2.45,6.4
2017-06-25,2.4,6.31
2017-06-26,2.26,6.16
2017-06-27,2.11,5.93
2017-06-28,1.98,5.71
2017-06-29,1.8,5.44
2017-06-30,1.68,5.21
2017-07-01,1.41,4.79
2017-07-02,1.45,4.78
2017-07-03,1.44,4.75
2017-07-04,1.38,4.7
2017-07-05,1.38,4.7
2017-07-06,1.39,4.76
2017-07-07,1.37,4.76
2017-07-08,1.38,4.67
2017-07-09,1.4,4.7
2017-07-10,1.37,4.74
2017-07-11,1.36,4.69
2017-07-12,1.37,4.73
2017-07-13,1.4,4.79
2017-07-14,1.4,4.79
2017-07-15,1.25,4.52
2017-07-16,1.26,4.48
2017-07-17,1.27,4.5
2017-07-18,1.24,4.47
2017-07-19,1.23,4.47
2017-07-20,1.23,4.46
2017-07-21,1.25,4.47
2017-07-22,1.26,4.45
2017-07-23,1.29,4.53
2017-07-24,1.28,4.53
2017-07-25,1.27,4.47
2017-07-26,1.28,4.51
2017-07-27,1.29,4.5
2017-07-28,1.29,4.52
2017-07-29,1.28,4.5
2017-07-30,1.3,4.58
2017-07-31,1.29,4.52
2017-08-01,1.27,4.45
2017-08-02,1.06,4.14
2017-08-03,1.05,4.11
2017-08-04,1.06,4.09
2017-08-05,1.04,4.05
2017-08-06,1.09,4.15
2017-08-07,1.07,4.15
2017-08-08,1.07,4.16
2017-08-09,1.08,4.15
2017-08-10,1.08,4.14
2017-08-11,1.09,4.19
2017-08-12,1.09,4.22
2017-08-13,1.13,4.25
2017-08-14,1.16,4.3
2017-08-15,0.9,
2017-08-16,0.88,
2017-08-17,0.88,
2017-08-18,0.9,
2017-08-19,0.86,
2017-08-20,0.88,
2017-08-21,0.88,3.75
2017-08-22,0.89,3.79
2017-08-23,0.87,3.77
2017-08-24,0.89,3.76
2017-08-25,0.87,3.78
2017-08-26,0.88,3.75
2017-08-27,0.89,3.81
2017-08-28,0.88,3.79
2017-08-29,0.86,3.76
2017-08-30,0.88,3.75
2017-08-31,0.87,3.71
2017-09-01,0.88,3.76
2017-09-02,0.88,3.77
2017-09-03,0.89,3.8
2017-09-04,0.9,3.84
2017-09-05,0.88,3.76
2017-09-06,0.87,3.77
2017-09-07,0.85,3.74
2017-09-08,0.89,3.77
2017-09-09,0.88,3.72
2017-09-10,0.9,3.78
2017-09-11,0.92,3.84
2017-09-12,0.9,3.8
2017-09-13,0.91,3.82
2017-09-14,0.92,3.87
2017-09-15,0.93,3.88
2017-09-16,0.97,4.06
2017-09-17,1.0,4.04
2017-09-18,1.0,4.03
2017-09-19,0.9,3.85
2017-09-20,0.89,3.82
2017-09-21,0.9,3.85
2017-09-22,0.91,3.82
2017-09-23,0.92,3.88
2017-09-24,0.93,3.86
2017-09-25,0.94,4.1
2017-09-26,0.93,3.96
2017-09-27,0.93,3.91
2017-09-28,0.93,3.89
2017-09-29,0.92,3.9
2017-09-30,1.01,3.91
2017-10-01,1.01,3.99
2017-10-02,1.01,3.96
2017-10-03,0.8,3.58
2017-10-04,0.8,3.55
2017-10-05,0.8,3.53
2017-10-06,0.8,3.55
2017-10-07,0.8,3.54
2017-10-08,0.8,3.55
2017-10-09,0.8,3.53
2017-10-10,0.8,3.54
2017-10-11,0.8,3.53
2017-10-12,0.8,3.56
2017-10-13,0.8,3.56
2017-10-14,0.8,3.54
2017-10-15,0.8,3.52
2017-10-16,0.8,3.52
2017-10-17,0.81,3.52
2017-10-18,0.81,3.52
2017-10-19,0.81,3.52
2017-10-20,0.81,3.52
2017-10-21,0.82,3.51
2017-10-22,0.82,3.52
2017-10-23,0.83,3.52
2017-10-24,0.83,3.51
2017-10-25,0.8,3.47
2017-10-26,0.81,3.49
2017-10-27,0.8,3.49
2017-10-28,0.81,3.49
2017-10-29,0.81,3.49
2017-10-30,0.81,3.49
2017-10-31,0.81,3.48
2017-11-01,0.8,3.46
2017-11-02,0.81,3.48
2017-11-03,0.8,3.49
2017-11-04,0.8,3.48
2017-11-05,0.8,3.48
2017-11-06,0.81,3.49
2017-11-07,0.81,3.49
2017-11-08,0.81,3.48
2017-11-09,0.81,3.47
2017-11-10,0.81,3.47
2017-11-11,0.81,3.52
2017-11-12,0.81,3.5
2017-11-13,0.81,3.5
2017-11-14,0.81,3.52
2017-11-15,0.81,3.5
2017-11-16,0.81,3.49
2017-11-17,0.81,3.5
2017-11-18,0.83,3.77
2017-11-19,0.82,3.54
2017-11-20,0.81,3.51
2017-11-21,0.81,3.5
2017-11-22,0.81,3.52
2017-11-23,0.81,3.53
2017-11-24,0.81,3.52
2017-11-25,0.81,3.53
2017-11-26,0.81,3.52
2017-11-27,0.81,3.51
2017-11-28,0.82,3.52
2017-11-29,0.81,3.5
2017-11-30,0.8,3.48
2017-12-01,0.8,3.47
2017-12-02,0.8,3.48
2017-12-03,0.8,3.48
2017-12-04,0.8,3.48
2017-12-05,0.8,3.47
2017-12-06,0.8,3.47
2017-12-07,0.8,3.49
2017-12-08,0.8,3.47
2017-12-09,0.8,3.47
2017-12-10,0.8,3.47
2017-12-11,0.8,3.46
2017-12-12,0.8,3.47
2017-12-13,0.8,3.46
2017-12-14,0.8,3.46
2017-12-15,0.8,3.46
2017-12-16,0.8,3.46
2017-12-17,0.8,3.45
2017-12-18,0.8,3.45
2017-12-19,0.8,3.46
2017-12-20,0.8,3.47
2017-12-21,0.8,3.46
2017-12-22,0.8,3.45
2017-12-23,0.8,3.46
2017-12-24,0.8,3.47
2017-12-25,0.8,3.46
2017-12-26,0.8,3.46
2017-12-27,0.8,3.46
2017-12-28,0.8,3.47
2017-12-29,0.8,3.47
2017-12-30,0.8,3.47
2017-12-31,0.8,3.47
2018-01-01,0.8,3.46
2018-01-02,0.8,3.47
2018-01-03,0.8,3.46
2018-01-04,0.8,3.47
2018-01-05,0.79,3.45
2018-01-06,0.8,3.46
2018-01-07,0.8,3.41
2018-01-08,0.8,3.43
2018-01-09,0.8,3.44
2018-01-10,0.8,3.55
2018-01-11,0.81,3.73
2018-01-12,0.79,3.55
2018-01-13,0.8,3.52
2018-01-14,0.8,3.49
2018-01-15,0.82,3.53
2018-01-16,0.79,3.51
2018-01-17,0.8,3.48
2018-01-18,0.8,3.48
2018-01-19,0.8,3.48
2018-01-20,0.8,3.53
2018-01-21,0.8,3.49
2018-01-22,0.79,3.53
2018-01-23,0.8,3.5
2018-01-24,0.8,3.48
2018-01-25,0.8,3.5
2018-01-26,0.8,3.46
2018-01-27,0.8,3.47
2018-01-28,0.79,3.5
2018-01-29,0.79,3.49
2018-01-30,0.8,3.47
2018-01-31,0.8,3.47
2018-02-01,0.8,3.49
2018-02-02,0.8,3.49
2018-02-03,0.79,3.51
2018-02-04,0.79,3.52
2018-02-05,0.8,3.53
2018-02-06,0.8,3.49
2018-02-07,0.8,3.5
2018-02-08,0.8,3.49
2018-02-09,0.8,3.48
2018-02-10,0.79,3.55
2018-02-11,0.79,3.45
2018-02-12,0.81,3.51
2018-02-13,0.81,3.47
2018-02-14,0.81,3.48
2018-02-15,0.8,3.47
2018-02-16,0.79,3.51
2018-02-17,0.79,3.49
2018-02-18,0.79,3.47
2018-02-19,0.8,3.5
2018-02-20,0.79,3.47
2018-02-21,0.81,3.49
2018-02-22,0.79,3.47
2018-02-23,0.79,3.46
2018-02-24,0.81,3.47
2018-02-25,0.79,3.45
2018-02-26,0.79,3.46
2018-02-27,0.8,3.46
2018-02-28,0.79,3.46
2018-03-01,0.79,3.46
2018-03-02,0.8,3.48
2018-03-03,0.79,3.49
2018-03-04,0.8,3.48
2018-03-05,0.82,3.52
2018-03-06,0.82,3.52
2018-03-07,0.8,3.5
2018-03-08,0.8,3.48
2018-03-09,0.82,3.51
2018-03-10,0.8,3.48
2018-03-11,0.79,3.47
2018-03-12,0.79,3.52
2018-03-13,0.81,3.49
2018-03-14,0.8,3.48
2018-03-15,0.82,3.49
2018-03-16,0.8,3.51
2018-03-17,0.8,3.53
2018-03-18,0.8,3.48
2018-03-19,0.8,3.5
2018-03-20,0.81,3.47
2018-03-21,0.81,3.47
2018-03-22,0.81,3.47
2018-03-23,0.81,3.58
2018-03-24,0.81,3.59
2018-03-25,0.8,3.5
2018-03-26,0.8,3.49
2018-03-27,0.8,3.46
2018-03-28,0.8,3.45
2018-03-29,0.8,3.46
2018-03-30,0.8,3.45
2018-03-31,0.82,3.47
2018-04-01,0.79,3.47
2018-04-02,0.8,3.48
2018-04-03,0.8,3.46
2018-04-04,0.8,3.45
2018-04-05,0.8,3.46
2018-04-06,0.8,3.46
2018-04-07,0.8,3.48
2018-04-08,0.81,3.62
2018-04-09,0.81,3.51
2018-04-10,0.81,3.5
2018-04-11,0.8,3.49
2018-04-12,0.8,3.51
2018-04-13,0.79,3.49
2018-04-14,0.79,3.46
2018-04-15,0.79,3.47
2018-04-16,0.79,3.48
2018-04-17,0.79,3.48
2018-04-18,0.79,3.45
2018-04-19,0.78,3.45
2018-04-20,0.81,3.38
2018-04-21,0.79,3.47
2018-04-22,0.8,3.45
2018-04-23,0.8,3.46
2018-04-24,0.89,3.66
2018-04-25,0.84,3.5
2018-04-26,0.84,3.64
2018-04-27,0.85,3.65
2018-04-28,0.85,3.62
2018-04-29,0.86,3.68
2018-04-30,0.84,3.58
2018-05-01,0.85,3.64
2018-05-02,1.1,4.08
2018-05-03,1.07,4.08
2018-05-04,1.07,4.11
2018-05-05,1.05,4.12
2018-05-06,1.05,4.13
2018-05-07,1.03,4.06
2018-05-08,1.02,4.08
2018-05-09,0.96,3.96
2018-05-10,0.95,3.92
2018-05-11,0.94,3.88
2018-05-12,0.98,3.99
2018-05-13,1.03,4.02
2018-05-14,1.02,4.04
2018-05-15,1.02,4.01
2018-05-16,1.03,4.03
2018-05-17,0.97,3.99
2018-05-18,0.95,3.9
2018-05-19,0.99,3.93
2018-05-20,1.01,4.01
2018-05-21,0.96,3.95
2018-05-22,0.97,3.9
2018-05-23,0.96,3.88
2018-05-24,0.96,3.92
2018-05-25,0.92,3.89
2018-05-26,0.92,3.79
2018-05-27,0.9,3.72
2018-05-28,0.93,3.79
2018-05-29,0.91,3.79
2018-05-30,1.43,4.71
2018-05-31,1.44,4.8
2018-06-01,1.44,4.79
2018-06-02,1.46,4.77
2018-06-03,1.46,4.77
2018-06-04,1.46,4.84
2018-06-05,1.45,4.83
2018-06-06,1.47,4.79
2018-06-07,1.46,4.77
2018-06-08,1.47,4.78
2018-06-09,1.45,4.73
2018-06-10,1.46,4.76
2018-06-11,1.47,4.74
2018-06-12,1.47,4.73
2018-06-13,1.46,4.73
2018-06-14,1.47,4.72
2018-06-15,1.44,4.76
2018-06-16,1.44,4.68
2018-06-17,1.47,4.73
2018-06-18,1.48,4.76
2018-06-19,1.46,4.77
2018-06-20,1.46,4.76
2018-06-21,1.45,4.73
2018-06-22,1.48,4.74
2018-06-23,1.42,4.69
2018-06-24,1.41,4.62
2018-06-25,1.45,4.71
2018-06-26,1.48,4.79
2018-06-27,1.47,4.74
2018-06-28,1.41,4.73
2018-06-29,1.41,4.67
2018-06-30,1.42,4.68
2018-07-01,1.43,4.67
2018-07-02,1.44,4.69
2018-07-03,1.44,4.69
2018-07-04,1.4,4.64
2018-07-05,1.4,4.68
2018-07-06,1.19,4.32
2018-07-07,1.19,4.26
2018-07-08,1.18,4.3
2018-07-09,1.18,4.31
2018-07-10,1.21,4.27
2018-07-11,1.22,4.27
2018-07-12,1.22,4.31
2018-07-13,1.21,4.35
2018-07-14,1.23,4.36
2018-07-15,1.25,4.37
2018-07-16,1.25,4.41
2018-07-17,1.24,4.36
2018-07-18,1.27,4.37
2018-07-19,1.28,4.39
2018-07-20,1.27,4.39
2018-07-21,1.23,4.35
2018-07-22,1.24,4.31
2018-07-23,1.27,4.4
2018-07-24,1.25,4.4
2018-07-25,1.24,4.37
2018-07-26,1.26,4.35
2018-07-27,1.24,4.33
2018-07-28,1.3,4.37
2018-07-29,1.27,4.45
2018-07-30,1.28,4.43
2018-07-31,1.24,4.32
2018-08-01,1.28,4.37
2018-08-02,1.28,4.36
2018-08-03,1.28,4.38
2018-08-04,1.3,4.46
2018-08-05,1.31,4.49
2018-08-06,1.32,4.47
2018-08-07,1.3,4.45
2018-08-08,1.27,4.42
2018-08-09,1.27,4.41
2018-08-10,1.25,4.43
2018-08-11,1.3,4.44
2018-08-12,1.3,4.48
2018-08-13,1.3,4.51
2018-08-14,1.28,4.42
2018-08-15,1.23,4.33
2018-08-16,1.26,4.39
2018-08-17,1.26,4.4
2018-08-18,1.32,4.5
2018-08-19,1.32,4.5
2018-08-20,1.35,4.55
2018-08-21,1.31,4.47
2018-08-22,1.32,4.5
2018-08-23,1.35,4.55
2018-08-24,1.36,4.59
2018-08-25,1.39,4.61
2018-08-26,1.37,4.59
2018-08-27,1.34,4.58
2018-08-28,1.3,4.46
2018-08-29,1.3,4.46
2018-08-30,1.3,4.49
2018-08-31,1.32,4.5
2018-09-01,1.33,4.52
2018-09-02,1.02,3.97
2018-09-03,1.05,3.95
2018-09-04,1.06,3.97
2018-09-05,1.02,3.91
2018-09-06,1.02,3.97
2018-09-07,1.04,3.93
2018-09-08,1.03,3.97
2018-09-09,1.06,4.0
2018-09-10,1.06,3.98
2018-09-11,1.06,3.82
2018-09-12,1.05,3.97
2018-09-13,1.06,3.99
2018-09-14,1.05,3.99
2018-09-15,1.08,4.01
2018-09-16,1.08,4.02
2018-09-17,1.09,4.04
2018-09-18,1.06,4.05
2018-09-19,1.07,3.99
2018-09-20,1.07,4.0
2018-09-21,1.05,3.98
2018-09-22,1.08,4.03
2018-09-23,1.07,3.99
2018-09-24,1.08,4.03
2018-09-25,1.15,4.15
2018-09-26,1.15,4.14
2018-09-27,1.17,4.15
2018-09-28,1.16,4.16
2018-09-29,1.15,4.16
2018-09-30,1.17,4.17
2018-10-01,1.18,4.21
2018-10-02,1.17,4.23
2018-10-03,1.16,4.23
2018-10-04,1.16,4.22
2018-10-05,1.17,4.27
2018-10-06,1.18,4.3
2018-10-07,1.18,4.26
2018-10-08,1.18,4.27
2018-10-09,1.18,4.27
2018-10-10,1.18,4.25
2018-10-11,1.19,4.31
2018-10-12,1.18,4.27
2018-10-13,1.18,4.26
2018-10-14,1.18,4.27
2018-10-15,1.18,4.26
2018-10-16,0.82,3.6
2018-10-17,0.81,3.53
2018-10-18,0.81,3.52
2018-10-19,0.81,3.52
2018-10-20,0.81,3.53
2018-10-21,0.81,3.53
2018-10-22,0.81,3.54
2018-10-23,0.81,3.54
2018-10-24,0.8,3.53
2018-10-25,0.8,3.51
2018-10-26,0.8,3.52
2018-10-27,0.8,3.52
2018-10-28,0.81,3.54
2018-10-29,0.81,3.55
2018-10-30,0.8,3.54
2018-10-31,0.8,3.51
2018-11-01,0.79,3.49
2018-11-02,0.79,3.51
2018-11-03,0.79,3.52
2018-11-04,0.8,3.53
2018-11-05,0.8,3.53
2018-11-06,0.8,3.51
2018-11-07,0.79,3.52
2018-11-08,0.8,3.51
2018-11-09,0.8,3.51
2018-11-10,0.81,3.52
2018-11-11,0.81,3.48
2018-11-12,0.82,3.48
2018-11-13,0.8,3.48
2018-11-14,0.8,3.48
2018-11-15,0.8,3.48
2018-11-16,0.8,3.5
2018-11-17,0.8,3.5
2018-11-18,0.8,3.5
2018-11-19,0.8,3.5
2018-11-20,0.8,3.5
2018-11-21,0.81,3.51
2018-11-22,0.81,3.51
2018-11-23,0.81,3.56
2018-11-24,0.81,3.54
2018-11-25,0.82,3.63
2018-11-26,0.82,3.56
2018-11-27,0.82,3.55
2018-11-28,0.81,3.53
2018-11-29,0.81,3.53
2018-11-30,0.82,3.59
2018-12-01,0.81,3.62
2018-12-02,0.81,3.57
2018-12-03,0.82,3.54
2018-12-04,0.82,3.53
2018-12-05,0.82,3.53
2018-12-06,0.82,3.53
2018-12-07,0.81,3.52
2018-12-08,0.81,3.51
2018-12-09,0.82,3.52
2018-12-10,0.81,3.5
2018-12-11,0.81,3.51
2018-12-12,0.81,3.5
2018-12-13,0.81,3.5
2018-12-14,0.81,3.52
2018-12-15,0.81,3.52
2018-12-16,0.81,3.5
2018-12-17,0.81,3.5
2018-12-18,0.8,3.5
2018-12-19,0.81,3.47
2018-12-20,0.81,3.49
2018-12-21,0.8,3.48
2018-12-22,0.81,3.48
2018-12-23,0.8,3.52
2018-12-24,0.82,3.51
2018-12-25,0.8,3.44
2018-12-26,0.79,3.47
2018-12-27,0.8,3.46
2018-12-28,0.82,3.49
2018-12-29,0.8,3.47
2018-12-30,0.79,3.46
2018-12-31,0.79,3.44
2019-01-01,0.79,3.43
2019-01-02,0.79,3.5
2019-01-03,0.79,3.48
2019-01-04,0.81,3.45
2019-01-05,0.81,3.47
2019-01-06,0.81,3.46
2019-01-07,0.8,3.46
2019-01-08,0.81,3.45
2019-01-09,0.81,3.45
2019-01-10,0.86,3.54
2019-01-11,0.81,3.47
2019-01-12,0.81,3.46
2019-01-13,0.81,3.46
2019-01-14,0.81,3.45
2019-01-15,0.81,3.48
2019-01-16,0.81,3.46
2019-01-17,0.81,3.47
2019-01-18,0.83,3.58
2019-01-19,0.82,3.52
2019-01-20,0.82,3.49
2019-01-21,0.82,3.47
2019-01-22,0.82,3.5
2019-01-23,0.81,3.51
2019-01-24,0.81,3.5
2019-01-25,0.81,3.45
2019-01-26,0.82,3.45
2019-01-27,0.81,3.45
2019-01-28,0.81,3.45
2019-01-29,0.8,3.44
2019-01-30,0.79,3.45
2019-01-31,0.79,3.45
2019-02-01,0.79,3.47
2019-02-02,0.79,3.46
2019-02-03,0.8,3.48
2019-02-04,0.8,3.58
2019-02-05,0.8,3.52
2019-02-06,0.8,3.5
2019-02-07,0.8,3.51
2019-02-08,0.79,3.51
2019-02-09,0.79,3.51
2019-02-10,0.8,3.5
2019-02-11,0.79,3.5
2019-02-12,0.79,3.5
2019-02-13,0.79,3.5
2019-02-14,0.8,3.51
2019-02-15,0.81,3.54
2019-02-16,0.8,3.66
2019-02-17,0.8,3.61
2019-02-18,0.8,3.61
2019-02-19,0.8,3.57
2019-02-20,0.8,3.56
2019-02-21,0.8,3.54
2019-02-22,0.8,3.53
2019-02-23,0.8,3.52
2019-02-24,0.79,3.5
2019-02-25,0.79,3.51
2019-02-26,0.8,3.51
2019-02-27,0.8,3.51
2019-02-28,0.8,3.52
2019-03-01,0.8,3.52
2019-03-02,0.8,3.57
2019-03-03,0.8,3.58
2019-03-04,0.8,3.55
2019-03-05,0.8,3.55
2019-03-06,0.8,3.54
2019-03-07,0.81,3.77
2019-03-08,0.82,3.93
2019-03-09,0.81,3.8
2019-03-10,0.81,3.7
2019-03-11,0.81,3.65
2019-03-12,0.8,3.67
2019-03-13,0.8,3.63
2019-03-14,0.8,3.66
2019-03-15,0.8,3.65
2019-03-16,0.8,3.64
2019-03-17,0.8,3.65
2019-03-18,0.8,3.7
2019-03-19,0.81,3.75
2019-03-20,0.83,3.8
2019-03-21,0.81,3.83
2019-03-22,0.8,3.66
2019-03-23,0.81,3.86
2019-03-24,0.81,3.78
2019-03-25,0.82,3.83
2019-03-26,0.81,3.66
2019-03-27,0.81,3.64
2019-03-28,0.81,3.65
2019-03-29,0.81,3.65
2019-03-30,0.81,3.68
2019-03-31,0.8,3.63
2019-04-01,0.8,3.63
2019-04-02,0.8,3.62
2019-04-03,0.8,3.63
2019-04-04,0.8,3.66
2019-04-05,0.8,3.63
2019-04-06,0.8,3.66
2019-04-07,0.8,3.67
2019-04-08,0.8,3.65
2019-04-09,0.8,3.65
2019-04-10,0.81,3.68
2019-04-11,0.8,3.68
2019-04-12,0.8,3.64
2019-04-13,0.8,3.63
2019-04-14,0.8,3.62
2019-04-15,0.8,3.63
2019-04-16,0.79,3.66
2019-04-17,0.79,3.68
2019-04-18,0.79,3.64
2019-04-19,0.79,3.59
2019-04-20,0.79,3.6
2019-04-21,0.79,3.61
2019-04-22,0.8,3.61
2019-04-23,0.8,3.58
2019-04-24,0.98,3.95
2019-04-25,0.97,3.97
2019-04-26,0.98,3.94
2019-04-27,0.98,3.94
2019-04-28,0.98,3.94
2019-04-29,0.98,3.93
2019-04-30,0.98,3.85
2019-05-01,0.93,3.87
2019-05-02,1.03,4.08
2019-05-03,1.04,4.1
2019-05-04,1.04,4.08
2019-05-05,1.04,4.11
2019-05-06,1.05,4.07
2019-05-07,1.07,4.12
2019-05-08,1.08,4.12
2019-05-09,1.08,4.12
2019-05-10,1.07,4.09
2019-05-11,1.04,4.02
2019-05-12,1.04,4.03
2019-05-13,1.04,4.0
2019-05-14,1.01,3.99
2019-05-15,0.99,4.0
2019-05-16,1.02,4.0
2019-05-17,1.01,4.12
2019-05-18,1.06,4.25
2019-05-19,1.06,4.19
2019-05-20,1.07,4.16
2019-05-21,1.05,4.17
2019-05-22,1.05,4.19
2019-05-23,1.22,4.43
2019-05-24,1.21,4.44
2019-05-25,1.43,4.87
2019-05-26,1.43,4.86
2019-05-27,1.44,4.85
2019-05-28,1.44,4.87
2019-05-29,1.43,4.86
2019-05-30,1.86,5.51
2019-05-31,1.85,5.58
2019-06-01,1.98,5.8
2019-06-02,1.99,5.76
2019-06-03,1.98,5.82
2019-06-04,1.96,5.87
2019-06-05,1.98,5.87
2019-06-06,1.97,5.91
2019-06-07,1.97,5.92
2019-06-08,2.0,6.02
2019-06-09,2.0,5.95
2019-06-10,2.0,
2019-06-11,1.99,
2019-06-12,1.98,
2019-06-13,1.97,
2019-06-14,1.97,
2019-06-15,1.98,
2019-06-16,1.98,
2019-06-17,1.97,
2019-06-18,2.1,
2019-06-19,2.1,
2019-06-20,2.36,
2019-06-21,2.64,
2019-06-22,3.01,
2019-06-23,3.03,
2019-06-24,3.02,7.23
2019-06-25,2.67,6.76
2019-06-26,2.66,6.73
2019-06-27,2.85,6.98
2019-06-28,2.85,7.03
2019-06-29,2.78,6.87
2019-06-30,2.65,6.7
2019-07-01,2.6,6.52
2019-07-02,2.31,6.15
2019-07-03,2.19,5.92
2019-07-04,2.04,5.68
2019-07-05,1.84,5.4
2019-07-06,1.84,5.39
2019-07-07,1.7,5.19
2019-07-08,1.47,4.78
2019-07-09,1.49,4.79
2019-07-10,1.48,4.8
2019-07-11,1.47,4.73
2019-07-12,1.42,4.63
2019-07-13,1.4,4.63
2019-07-14,1.39,4.67
2019-07-15,1.42,4.68
2019-07-16,1.4,4.69
2019-07-17,1.4,4.68
2019-07-18,1.4,4.66
2019-07-19,1.39,4.64
2019-07-20,1.21,4.35
2019-07-21,1.21,4.3
2019-07-22,1.22,4.31
2019-07-23,1.19,4.25
2019-07-24,1.23,4.31
2019-07-25,1.21,4.32
2019-07-26,1.23,4.31
2019-07-27,1.23,4.31
2019-07-28,1.26,4.41
2019-07-29,1.26,4.38
2019-07-30,1.24,4.36
2019-07-31,1.25,4.36
2019-08-01,1.24,4.39
2019-08-02,1.28,4.44
2019-08-03,1.29,4.45
2019-08-04,1.29,4.45
2019-08-05,1.29,4.49
2019-08-06,1.01,4.06
2019-08-07,0.99,3.94
2019-08-08,0.98,3.94
2019-08-09,1.0,3.94
2019-08-10,0.96,3.89
2019-08-11,0.99,3.89
2019-08-12,0.99,3.89
2019-08-13,0.96,3.88
2019-08-14,0.9,3.89
2019-08-15,0.96,
2019-08-16,0.97,
2019-08-17,0.94,
2019-08-18,0.96,
2019-08-19,0.97,
2019-08-20,0.95,
2019-08-21,0.94,
2019-08-22,0.95,3.82
2019-08-23,0.93,3.83
2019-08-24,0.97,3.85
2019-08-25,0.95,3.86
2019-08-26,0.96,3.86
2019-08-27,0.9,3.85
2019-08-28,0.94,3.84
2019-08-29,0.97,3.87
2019-08-30,0.96,3.88
2019-08-31,0.94,3.88
2019-09-01,0.92,3.9
2019-09-02,0.98,3.91
2019-09-03,0.94,3.85
2019-09-04,0.84,3.64
2019-09-05,0.81,3.62
2019-09-06,0.8,3.53
2019-09-07,0.85,3.67
2019-09-08,0.87,3.68
2019-09-09,0.88,3.75
2019-09-10,0.92,3.76
2019-09-11,0.94,3.93
2019-09-12,0.95,4.21
2019-09-13,0.95,3.94
2019-09-14,0.94,3.9
2019-09-15,0.95,3.89
2019-09-16,0.95,3.91
2019-09-17,0.94,3.87
2019-09-18,0.94,3.86
2019-09-19,0.95,3.85
2019-09-20,0.95,3.86
2019-09-21,0.98,3.92
2019-09-22,0.98,3.95
2019-09-23,0.99,3.96
2019-09-24,0.83,3.67
2019-09-25,0.83,3.64
2019-09-26,0.83,3.66
2019-09-27,0.84,3.68
2019-09-28,0.83,3.65
2019-09-29,0.86,3.76
2019-09-30,0.86,3.74
2019-10-01,0.88,3.72
2019-10-02,0.84,3.68
2019-10-03,0.82,3.64
2019-10-04,0.83,3.66
2019-10-05,0.94,3.74
2019-10-06,0.94,3.77
2019-10-07,0.94,3.78
2019-10-08,0.82,3.76
2019-10-09,0.83,3.55
2019-10-10,0.83,3.55
2019-10-11,0.82,3.54
2019-10-12,0.82,3.54
2019-10-13,0.82,3.53
2019-10-14,0.82,3.54
2019-10-15,0.82,3.53
2019-10-16,0.82,3.5
2019-10-17,0.82,3.52
2019-10-18,0.83,3.53
2019-10-19,0.83,3.53
2019-10-20,0.84,3.51
2019-10-21,0.83,3.55
2019-10-22,0.82,3.5
2019-10-23,0.82,3.49
2019-10-24,0.82,3.48
2019-10-25,0.79,3.49
2019-10-26,0.79,3.47
2019-10-27,0.79,3.48
2019-10-28,0.79,3.47
2019-10-29,0.79,3.49
2019-10-30,0.79,3.45
2019-10-31,0.79,3.47
2019-11-01,0.79,3.46
2019-11-02,0.79,3.46
2019-11-03,0.79,3.49
2019-11-04,0.79,3.49
2019-11-05,0.8,3.47
2019-11-06,0.8,3.46
2019-11-07,0.8,3.46
2019-11-08,0.8,3.46
2019-11-09,0.8,3.47
2019-11-10,0.8,3.48
2019-11-11,0.8,3.48
2019-11-12,0.8,3.47
2019-11-13,0.8,3.47
2019-11-14,0.8,3.47
2019-11-15,0.8,3.47
2019-11-16,0.8,3.47
2019-11-17,0.8,3.46
2019-11-18,0.8,3.46
2019-11-19,0.8,3.45
2019-11-20,0.8,3.45
2019-11-21,0.81,3.48
2019-11-22,0.81,3.46
2019-11-23,0.81,3.46
2019-11-24,0.81,3.45
2019-11-25,0.81,3.45
2019-11-26,0.81,3.45
2019-11-27,0.81,3.46
2019-11-28,0.81,3.46
2019-11-29,0.81,3.46
2019-11-30,0.81,3.48
2019-12-01,0.81,3.45
2019-12-02,0.81,3.46
2019-12-03,0.81,3.5
2019-12-04,0.82,3.5
2019-12-05,0.8,3.45
2019-12-06,0.8,3.54
2019-12-07,0.8,3.56
2019-12-08,0.8,3.5
2019-12-09,0.81,3.55
2019-12-10,0.81,3.5
2019-12-11,0.81,3.48
2019-12-12,0.8,3.47
2019-12-13,0.81,3.5
2019-12-14,0.81,3.6
2019-12-15,0.81,3.59
2019-12-16,0.81,3.5
2019-12-17,0.81,3.47
2019-12-18,0.81,3.47
2019-12-19,0.81,3.48
2019-12-20,0.81,3.47
2019-12-21,0.81,3.46
2019-12-22,0.81,3.46
2019-12-23,0.81,3.45
2019-12-24,0.81,3.45
2019-12-25,0.81,3.47
2019-12-26,0.81,3.48
2019-12-27,0.81,3.47
2019-12-28,0.81,3.47
2019-12-29,0.81,3.48
2019-12-30,0.81,3.5
2019-12-31,0.81,3.5
2020-01-01,0.81,3.5
2020-01-02,0.82,3.51
2020-01-03,0.81,3.5
2020-01-04,0.81,3.5
2020-01-05,0.81,3.52
2020-01-06,0.81,3.51
2020-01-07,0.81,3.5
2020-01-08,0.81,3.51
2020-01-09,0.82,3.5
2020-01-10,0.82,3.49
2020-01-11,0.82,3.5
2020-01-12,0.82,3.53
2020-01-13,0.82,3.5
2020-01-14,0.82,3.5
2020-01-15,0.81,3.48
2020-01-16,0.81,3.48
2020-01-17,0.81,3.47
2020-01-18,0.81,3.47
2020-01-19,0.81,3.47
2020-01-20,0.81,3.47
2020-01-21,0.81,3.47
2020-01-22,0.81,3.48
2020-01-23,0.81,3.5
2020-01-24,0.81,3.49
2020-01-25,0.81,3.49
2020-01-26,0.81,3.48
2020-01-27,0.81,3.49
2020-01-28,0.81,3.51
2020-01-29,0.81,3.51
2020-01-30,0.81,3.5
2020-01-31,0.81,3.48
2020-02-01,0.81,3.51
2020-02-02,0.81,3.5
2020-02-03,0.82,3.5
2020-02-04,0.82,3.48
2020-02-05,0.82,3.49
2020-02-06,0.82,3.48
2020-02-07,0.82,3.5
2020-02-08,0.82,3.53
2020-02-09,0.83,3.53
2020-02-10,0.82,3.51
2020-02-11,0.8,3.47
2020-02-12,0.81,3.52
2020-02-13,0.81,3.49
2020-02-14,0.81,3.51
2020-02-15,0.81,3.51
2020-02-16,0.81,3.49
2020-02-17,0.81,3.49
2020-02-18,0.81,3.48
2020-02-19,0.81,3.48
2020-02-20,0.81,3.47
2020-02-21,0.8,3.47
2020-02-22,0.8,3.47
2020-02-23,0.81,3.46
2020-02-24,0.81,3.46
2020-02-25,0.81,3.47
2020-02-26,0.81,3.49
2020-02-27,0.81,3.5
2020-02-28,0.81,3.5
2020-02-29,0.81,3.5
2020-03-01,0.81,3.55
2020-03-02,0.81,3.56
2020-03-03,0.81,3.51
2020-03-04,0.81,3.49
2020-03-05,0.81,3.53
2020-03-06,0.82,3.57
2020-03-07,0.82,3.58
2020-03-08,0.82,3.55
2020-03-09,0.83,3.65
2020-03-10,0.82,3.55
2020-03-11,0.82,3.51
2020-03-12,0.82,3.51
2020-03-13,0.82,3.5
2020-03-14,0.82,3.51
2020-03-15,0.82,3.52
2020-03-16,0.82,3.5
2020-03-17,0.82,3.49
2020-03-18,0.82,3.5
2020-03-19,0.82,3.52
2020-03-20,0.82,3.53
2020-03-21,0.81,3.53
2020-03-22,0.81,3.5
2020-03-23,0.81,3.49
2020-03-24,0.81,3.49
2020-03-25,0.81,3.49
2020-03-26,0.81,3.55
2020-03-27,0.82,3.55
2020-03-28,0.81,3.5
2020-03-29,0.81,3.49
2020-03-30,0.81,3.48
2020-03-31,0.81,3.48
2020-04-01,0.81,3.46
2020-04-02,0.81,3.46
2020-04-03,0.81,3.47
2020-04-04,0.81,3.47
2020-04-05,0.81,3.46
2020-04-06,0.81,3.47
2020-04-07,0.81,3.47
2020-04-08,0.8,3.45
2020-04-09,0.78,3.43
2020-04-10,0.8,3.44
2020-04-11,0.8,3.44
2020-04-12,0.81,3.43
2020-04-13,0.81,3.44
2020-04-14,0.8,3.43
2020-04-15,0.79,3.42
2020-04-16,0.79,3.42
2020-04-17,0.79,3.42
2020-04-18,0.8,3.44
2020-04-19,0.81,3.47
2020-04-20,0.81,3.46
2020-04-21,0.81,3.44
2020-04-22,0.8,3.41
2020-04-23,0.8,3.42
2020-04-24,1.08,3.95
2020-04-25,1.15,4.14
2020-04-26,1.12,4.1
2020-04-27,1.09,4.04
2020-04-28,1.0,3.86
2020-04-29,1.04,3.95
2020-04-30,1.04,3.9
2020-05-01,1.04,3.86
2020-05-02,1.03,3.88
2020-05-03,1.03,3.91
2020-05-04,1.02,3.92
2020-05-05,1.03,3.95
2020-05-06,1.58,4.93
2020-05-07,1.57,4.93
2020-05-08,1.54,4.93
2020-05-09,1.56,4.89
2020-05-10,1.56,4.89
2020-05-11,1.57,4.93
2020-05-12,1.55,4.89
2020-05-13,1.52,4.85
2020-05-14,1.5,4.89
2020-05-15,1.52,4.88
2020-05-16,1.53,4.92
2020-05-17,1.53,4.92
2020-05-18,1.52,4.91
2020-05-19,1.91,5.52
2020-05-20,2.96,7.03
2020-05-21,2.95,7.28
2020-05-22,2.92,7.22
2020-05-23,2.7,6.89
2020-05-24,2.46,6.35
2020-05-25,2.44,6.35
2020-05-26,2.41,6.29
2020-05-27,2.05,5.7
2020-05-28,2.03,5.66
2020-05-29,2.53,6.4
2020-05-30,2.7,6.64
2020-05-31,2.85,7.0
2020-06-01,2.87,7.03
2020-06-02,2.69,6.83
2020-06-03,2.61,6.69
2020-06-04,1.75,5.23
2020-06-05,1.49,4.8
2020-06-06,1.73,5.12
2020-06-07,1.76,5.22
2020-06-08,2.4,6.17
2020-06-09,2.5,6.43
2020-06-10,1.81,5.38
2020-06-11,1.79,5.3
2020-06-12,1.63,5.06
2020-06-13,1.54,4.88
2020-06-14,1.51,4.81
2020-06-15,1.51,4.82
2020-06-16,1.53,4.86
2020-06-17,1.53,4.86
2020-06-18,1.54,4.9
2020-06-19,1.54,4.9
2020-06-20,1.52,4.88
2020-06-21,1.51,4.85
2020-06-22,1.5,4.84
2020-06-23,1.49,4.82
2020-06-24,1.49,4.82
2020-06-25,1.47,4.78
2020-06-26,1.48,4.78
2020-06-27,1.25,4.44
2020-06-28,1.22,4.36
2020-06-29,1.24,4.39
2020-06-30,1.24,4.45
2020-07-01,1.27,4.48
2020-07-02,1.25,4.44
2020-07-03,1.23,4.4
2020-07-04,1.22,4.39
2020-07-05,1.23,4.39
2020-07-06,1.23,4.39
2020-07-07,1.24,4.39
2020-07-08,1.21,3.84
2020-07-09,1.23,4.36
2020-07-10,1.2,4.3
2020-07-11,1.23,4.32
2020-07-12,1.24,4.36
2020-07-13,1.25,4.33
2020-07-14,1.22,4.3
2020-07-15,1.21,4.28
2020-07-16,1.21,4.28
2020-07-17,1.23,4.27
2020-07-18,1.04,3.98
2020-07-19,1.02,3.97
2020-07-20,1.05,3.99
2020-07-21,1.04,3.95
2020-07-22,1.02,3.94
2020-07-23,1.06,4.0
2020-07-24,1.09,4.04
2020-07-25,1.08,4.0
2020-07-26,1.04,3.93
2020-07-27,1.08,3.98
2020-07-28,1.05,3.94
2020-07-29,1.06,3.97
2020-07-30,1.06,3.94
2020-07-31,1.05,3.94
2020-08-01,1.07,3.98
2020-08-02,1.05,3.96
2020-08-03,1.05,3.96
2020-08-04,1.03,3.94
2020-08-05,1.04,3.95
2020-08-06,1.03,3.92
2020-08-07,1.04,3.92
2020-08-08,1.04,3.95
2020-08-09,1.04,3.96
2020-08-10,1.04,3.92
2020-08-11,1.02,3.9
2020-08-12,1.03,3.93
2020-08-13,1.03,3.93
2020-08-14,1.02,3.91
2020-08-15,1.04,3.96
2020-08-16,1.03,3.9
2020-08-17,1.05,3.99
2020-08-18,1.04,3.94
2020-08-19,1.03,3.97
2020-08-20,0.92,3.77
2020-08-21,0.93,3.77
2020-08-22,0.94,3.8
2020-08-23,0.94,3.8
2020-08-24,0.94,3.81
2020-08-25,0.93,3.76
2020-08-26,0.92,3.77
2020-08-27,0.94,3.77
2020-08-28,0.95,3.74
2020-08-29,0.94,3.79
2020-08-30,0.96,3.85
2020-08-31,0.96,3.84
2020-09-01,0.96,3.86
2020-09-02,1.01,3.93
2020-09-03,1.01,3.9
2020-09-04,1.0,3.9
2020-09-05,1.0,3.87
2020-09-06,1.01,3.88
2020-09-07,1.01,3.89
2020-09-08,1.02,3.9
2020-09-09,1.07,3.91
2020-09-10,1.07,4.01
2020-09-11,1.06,3.97
2020-09-12,1.05,3.98
2020-09-13,1.05,3.98
2020-09-14,1.07,4.0
2020-09-15,1.03,3.94
2020-09-16,1.08,3.98
2020-09-17,1.07,4.0
2020-09-18,1.08,4.01
2020-09-19,1.08,4.03
2020-09-20,1.09,4.05
2020-09-21,1.1,4.07
2020-09-22,1.06,3.99
2020-09-23,1.09,4.03
2020-09-24,1.07,4.0
2020-09-25,1.07,3.99
2020-09-26,1.08,4.0
2020-09-27,1.08,4.0
2020-09-28,1.08,4.02
2020-09-29,1.1,4.06
2020-09-30,1.1,4.06
2020-10-01,1.1,4.08
2020-10-02,1.1,4.06
2020-10-03,1.1,4.06
2020-10-04,1.11,4.06
2020-10-05,1.09,4.02
2020-10-06,1.16,4.13
2020-10-07,1.18,4.16
2020-10-08,1.18,4.16
2020-10-09,1.19,4.19
2020-10-10,1.19,4.18
2020-10-11,1.19,4.16
2020-10-12,1.19,4.18
2020-10-13,1.19,4.18
2020-10-14,1.19,4.18
2020-10-15,1.2,4.19
2020-10-16,1.2,4.19
2020-10-17,1.19,4.19
2020-10-18,1.18,4.2
2020-10-19,1.19,4.19
2020-10-20,0.8,3.52
2020-10-21,0.8,3.56
2020-10-22,0.8,3.48
2020-10-23,0.81,3.47
2020-10-24,0.82,3.5
2020-10-25,0.82,3.48
2020-10-26,0.82,3.48
2020-10-27,0.83,3.47
2020-10-28,0.83,3.5
2020-10-29,0.83,3.47
2020-10-30,0.83,3.47
2020-10-31,0.83,3.46
2020-11-01,0.84,3.45
2020-11-02,0.84,3.45
2020-11-03,0.81,3.46
2020-11-04,0.81,3.45
2020-11-05,0.81,3.45
2020-11-06,0.81,3.45
2020-11-07,0.82,3.46
2020-11-08,0.82,3.49
2020-11-09,0.83,3.52
2020-11-10,0.82,3.49
2020-11-11,0.82,3.49
2020-11-12,0.82,3.5
2020-11-13,0.82,3.5
2020-11-14,0.82,3.47
2020-11-15,0.83,3.5
2020-11-16,0.83,3.5
2020-11-17,0.83,3.49
2020-11-18,0.83,3.49
2020-11-19,0.82,3.45
2020-11-20,0.8,3.42
2020-11-21,0.8,3.43
2020-11-22,0.8,3.43
2020-11-23,0.8,3.42
2020-11-24,0.8,3.41
2020-11-25,0.8,3.41
2020-11-26,0.8,3.42
2020-11-27,0.8,3.41
2020-11-28,0.8,3.42
2020-11-29,0.8,3.42
2020-11-30,0.8,3.42
2020-12-01,0.8,3.43
2020-12-02,0.8,3.42
2020-12-03,0.8,3.43
2020-12-04,0.8,3.43
2020-12-05,0.8,3.43
2020-12-06,0.8,3.44
2020-12-07,0.81,3.45
2020-12-08,0.8,3.45
2020-12-09,0.81,3.46
2020-12-10,0.81,3.47
2020-12-11,0.8,3.44
2020-12-12,0.8,3.44
2020-12-13,0.8,3.42
2020-12-14,0.8,3.43
2020-12-15,0.81,3.43
2020-12-16,0.81,3.43
2020-12-17,0.81,3.43
2020-12-18,0.81,3.45
2020-12-19,0.81,3.43
2020-12-20,0.81,3.44
2020-12-21,0.81,3.45
2020-12-22,0.81,3.43
2020-12-23,0.81,3.43
2020-12-24,0.81,3.44
2020-12-25,0.81,3.44
2020-12-26,0.81,3.43
2020-12-27,0.81,3.43
2020-12-28,0.81,3.43
2020-12-29,0.81,3.43
2020-12-30,0.81,3.44
2020-12-31,0.81,3.43
2021-01-01,0.81,3.43
2021-01-02,0.81,3.42
2021-01-03,0.81,3.45
2021-01-04,0.81,3.45
2021-01-05,0.81,3.42
2021-01-06,0.81,3.43
2021-01-07,0.81,3.45
2021-01-08,0.81,3.45
2021-01-09,0.81,3.45
2021-01-10,0.81,3.45
2021-01-11,0.81,3.46
2021-01-12,0.81,3.44
2021-01-13,0.84,3.42
2021-01-14,0.82,3.43
2021-01-15,0.81,3.44
2021-01-16,0.81,3.45
2021-01-17,0.82,3.43
2021-01-18,0.82,3.44
2021-01-19,0.82,3.44
2021-01-20,0.82,3.44
2021-01-21,0.81,3.42
2021-01-22,0.81,3.46
2021-01-23,0.81,3.43
2021-01-24,0.81,3.43
2021-01-25,0.81,3.43
2021-01-26,0.81,3.42
2021-01-27,0.81,3.44
2021-01-28,0.81,3.45
2021-01-29,0.8,3.42
2021-01-30,0.81,3.44
2021-01-31,0.82,3.43
2021-02-01,0.81,3.46
2021-02-02,0.81,3.46
2021-02-03,0.81,3.43
2021-02-04,0.8,3.67
2021-02-05,0.81,3.48
2021-02-06,0.81,3.49
2021-02-07,0.81,3.45
2021-02-08,0.81,3.45
2021-02-09,0.8,3.43
2021-02-10,0.8,3.43
2021-02-11,0.8,3.45
2021-02-12,0.81,3.45
2021-02-13,0.81,3.63
2021-02-14,0.81,3.53
2021-02-15,0.8,3.49
2021-02-16,0.81,3.47
2021-02-17,0.8,3.45
2021-02-18,0.8,3.44
2021-02-19,0.8,3.47
2021-02-20,0.8,3.44
2021-02-21,0.81,3.41
2021-02-22,0.8,3.4
2021-02-23,0.8,3.41
2021-02-24,0.8,3.44
2021-02-25,0.8,3.43
2021-02-26,0.8,3.44
2021-02-27,0.8,3.41
2021-02-28,0.8,3.4
2021-03-01,0.8,3.43
2021-03-02,0.8,3.42
2021-03-03,0.8,3.42
2021-03-04,0.8,3.42
2021-03-05,0.81,3.47
2021-03-06,0.81,3.47
2021-03-07,0.81,3.52
2021-03-08,0.82,3.49
2021-03-09,0.82,3.5
2021-03-10,0.82,3.44
2021-03-11,0.82,3.44
2021-03-12,0.82,3.44
2021-03-13,0.81,3.44
2021-03-14,0.81,3.43
2021-03-15,0.81,3.44
2021-03-16,0.81,3.41
2021-03-17,0.82,3.41
2021-03-18,0.8,3.39
2021-03-19,0.8,3.39
2021-03-20,0.8,3.38
2021-03-21,0.81,3.41
2021-03-22,0.79,3.4
2021-03-23,0.8,3.39
2021-03-24,0.8,3.38
2021-03-25,0.8,3.38
2021-03-26,0.8,3.37
2021-03-27,0.8,3.38
2021-03-28,0.81,3.38
2021-03-29,0.81,3.37
2021-03-30,0.82,3.37
2021-03-31,0.82,3.4
2021-04-01,0.81,3.38
2021-04-02,0.81,3.37
2021-04-03,0.81,3.38
2021-04-04,0.81,3.37
2021-04-05,0.81,3.38
2021-04-06,0.81,3.38
2021-04-07,0.81,3.36
2021-04-08,0.8,3.38
2021-04-09,0.8,3.39
2021-04-10,0.8,3.4
2021-04-11,0.81,3.37
2021-04-12,0.81,3.38
2021-04-13,0.81,3.38
2021-04-14,0.81,3.36
2021-04-15,0.81,3.4
2021-04-16,0.81,3.39
2021-04-17,0.82,3.36
2021-04-18,0.8,3.36
2021-04-19,0.81,3.35
2021-04-20,0.81,3.35
2021-04-21,0.8,3.35
2021-04-22,0.8,3.33
2021-04-23,0.92,3.57
2021-04-24,0.94,3.59
2021-04-25,0.93,3.6
2021-04-26,0.94,3.61
2021-04-27,0.89,3.62
2021-04-28,0.82,3.44
2021-04-29,0.88,3.56
2021-04-30,0.87,3.52
2021-05-01,0.85,3.5
2021-05-02,1.08,3.94
2021-05-03,1.08,3.95
2021-05-04,1.03,3.84
2021-05-05,0.98,3.76
2021-05-06,1.02,3.88
2021-05-07,1.05,3.89
2021-05-08,1.0,3.77
2021-05-09,0.98,3.76
2021-05-10,0.96,3.77
2021-05-11,0.95,3.73
2021-05-12,0.95,3.67
2021-05-13,0.96,3.7
2021-05-14,0.9,3.64
2021-05-15,0.88,3.59
2021-05-16,0.87,3.56
2021-05-17,0.87,3.55
2021-05-18,0.89,3.65
2021-05-19,0.89,3.58
2021-05-20,0.9,3.59
2021-05-21,0.87,3.59
2021-05-22,0.91,3.65
2021-05-23,0.92,3.66
2021-05-24,0.97,3.82
2021-05-25,0.93,3.76
2021-05-26,0.93,3.71
2021-05-27,0.91,3.68
2021-05-28,0.9,3.65
2021-05-29,0.86,3.58
2021-05-30,0.87,3.53
2021-05-31,0.9,3.61
2021-06-01,0.89,3.62
2021-06-02,0.87,3.56
2021-06-03,0.86,3.61
2021-06-04,0.86,3.57
2021-06-05,0.87,3.59
2021-06-06,0.88,3.61
2021-06-07,0.89,3.63
2021-06-08,0.88,3.57
2021-06-09,0.94,3.6
2021-06-10,0.89,3.56
2021-06-11,0.88,3.55
2021-06-12,0.88,3.62
2021-06-13,0.88,3.54
2021-06-14,0.93,3.64
2021-06-15,0.9,3.58
2021-06-16,0.92,3.66
2021-06-17,0.96,3.71
2021-06-18,0.94,3.71
2021-06-19,0.98,3.77
2021-06-20,0.9,3.67
2021-06-21,0.92,3.67
2021-06-22,0.91,3.59
2021-06-23,0.92,3.62
2021-06-24,0.95,3.63
2021-06-25,1.0,3.77
2021-06-26,0.97,3.76
2021-06-27,0.94,3.67
2021-06-28,1.0,3.74
2021-06-29,0.92,3.66
2021-06-30,0.95,3.69
2021-07-01,0.95,3.7
2021-07-02,0.95,3.69
2021-07-03,0.96,3.72
2021-07-04,0.97,3.75
2021-07-05,0.97,3.74
2021-07-06,0.95,3.7
2021-07-07,0.94,3.65
2021-07-08,0.89,3.65
2021-07-09,0.9,3.64
2021-07-10,0.92,3.65
2021-07-11,0.96,3.63
2021-07-12,0.94,3.62
2021-07-13,0.96,3.71
2021-07-14,0.94,3.65
2021-07-15,0.94,3.64
2021-07-16,0.94,3.64
2021-07-17,0.92,3.59
2021-07-18,0.93,3.66
2021-07-19,0.97,3.7
2021-07-20,0.96,3.62
2021-07-21,1.08,3.77
2021-07-22,0.94,3.68
2021-07-23,1.27,4.32
2021-07-24,1.29,4.36
2021-07-25,1.33,4.39
2021-07-26,1.32,4.38
2021-07-27,1.32,4.36
2021-07-28,1.33,4.39
2021-07-29,1.32,4.41
2021-07-30,1.32,4.41
2021-07-31,1.32,4.41
2021-08-01,1.32,4.4
2021-08-02,1.36,4.49
2021-08-03,1.37,4.54
2021-08-04,1.37,4.52
2021-08-05,1.38,4.53
2021-08-06,1.35,4.47
2021-08-07,1.33,4.43
2021-08-08,1.38,4.51
2021-08-09,1.37,4.51
2021-08-10,1.37,4.48
2021-08-11,1.35,4.45
2021-08-12,1.35,4.48
2021-08-13,1.34,4.44
2021-08-14,1.32,4.4
2021-08-15,1.32,4.42
2021-08-16,1.31,4.38
2021-08-17,1.32,4.38
2021-08-18,1.36,4.45
2021-08-19,1.45,4.86
2021-08-20,1.45,4.78
2021-08-21,1.44,4.67
2021-08-22,1.41,4.63
2021-08-23,1.42,4.63
2021-08-24,1.1,4.12
2021-08-25,1.1,4.08
2021-08-26,1.07,4.03
2021-08-27,1.05,4.0
2021-08-28,1.07,3.99
2021-08-29,1.07,4.03
2021-08-30,1.06,3.97
2021-08-31,1.03,3.91
2021-09-01,1.03,3.93
2021-09-02,1.03,3.92
2021-09-03,1.04,3.9
2021-09-04,1.07,3.99
2021-09-05,1.09,4.01
2021-09-06,1.06,3.94
2021-09-07,1.06,3.95
2021-09-08,1.05,3.93
2021-09-09,1.05,3.91
2021-09-10,1.05,3.92
2021-09-11,1.05,3.91
2021-09-12,1.05,3.95
2021-09-13,1.1,4.01
2021-09-14,1.1,4.0
2021-09-15,1.08,4.0
2021-09-16,1.09,3.98
2021-09-17,1.11,4.03
2021-09-18,1.1,4.01
2021-09-19,1.12,4.07
2021-09-20,1.12,4.06
2021-09-21,0.93,3.72
2021-09-22,0.95,3.74
2021-09-23,0.94,3.72
2021-09-24,0.94,3.71
2021-09-25,0.94,3.71
2021-09-26,0.94,3.69
2021-09-27,0.94,3.72
2021-09-28,0.92,3.63
2021-09-29,0.83,3.81
2021-09-30,0.82,3.5
2021-10-01,0.82,3.51
2021-10-02,0.83,3.52
2021-10-03,0.83,3.52
2021-10-04,0.83,3.5
2021-10-05,0.83,3.5
2021-10-06,0.83,3.5
2021-10-07,0.83,3.52
2021-10-08,0.84,3.52
2021-10-09,0.85,3.56
2021-10-10,0.84,3.6
2021-10-11,0.84,3.55
2021-10-12,0.84,3.55
2021-10-13,0.84,3.63
2021-10-14,0.84,3.57
2021-10-15,0.84,3.56
2021-10-16,0.84,3.54
2021-10-17,0.84,3.53
2021-10-18,0.84,3.52
2021-10-19,0.81,3.48
2021-10-20,0.8,3.52
2021-10-21,0.8,3.48
2021-10-22,0.81,3.47
2021-10-23,0.8,3.46
2021-10-24,0.81,3.46
2021-10-25,0.81,3.47
2021-10-26,0.8,3.46
2021-10-27,0.81,3.54
2021-10-28,0.81,3.49
2021-10-29,0.83,3.5
2021-10-30,0.84,3.51
2021-10-31,0.84,3.5
2021-11-01,0.84,3.49
2021-11-02,0.83,3.49
2021-11-03,0.84,3.45
2021-11-04,0.84,3.48
2021-11-05,0.83,3.47
2021-11-06,0.83,3.48
2021-11-07,0.84,3.47
2021-11-08,0.84,3.46
2021-11-09,0.82,3.45
2021-11-10,0.83,3.48
2021-11-11,0.83,3.53
2021-11-12,0.81,3.45
2021-11-13,0.83,3.48
2021-11-14,0.83,3.47
2021-11-15,0.83,3.47
2021-11-16,0.83,3.47
2021-11-17,0.83,3.46
2021-11-18,0.83,3.46
2021-11-19,0.82,3.45
2021-11-20,0.82,3.45
2021-11-21,0.83,3.46
2021-11-22,0.83,3.46
2021-11-23,0.83,3.45
2021-11-24,0.83,3.46
2021-11-25,0.83,3.44
2021-11-26,0.83,3.44
2021-11-27,0.83,3.44
2021-11-28,0.83,3.44
2021-11-29,0.83,3.44
2021-11-30,0.83,3.45
2021-12-01,0.83,3.44
2021-12-02,0.83,3.45
2021-12-03,0.83,3.45
2021-12-04,0.83,3.44
2021-12-05,0.83,3.44
2021-12-06,0.83,3.44
2021-12-07,0.83,3.44
2021-12-08,0.83,3.44
2021-12-09,0.83,3.43
2021-12-10,0.83,3.52
2021-12-11,0.83,3.48
2021-12-12,0.83,3.47
2021-12-13,0.83,3.47
2021-12-14,0.83,3.46
2021-12-15,0.83,3.49
2021-12-16,0.83,3.49
2021-12-17,0.83,3.49
2021-12-18,0.83,3.48
2021-12-19,0.83,3.47
2021-12-20,0.83,3.47
2021-12-21,0.83,3.45
2021-12-22,0.83,3.46
2021-12-23,0.83,3.46
2021-12-24,0.83,3.48
2021-12-25,0.83,3.68
2021-12-26,0.83,3.61
2021-12-27,0.83,3.54
2021-12-28,0.83,3.52
2021-12-29,0.83,3.51
2021-12-30,0.83,3.49
2021-12-31,0.84,3.48
2022-01-01,0.84,3.5
2022-01-02,0.84,3.49
2022-01-03,0.83,3.49
2022-01-04,0.84,3.49
2022-01-05,0.83,3.48
2022-01-06,0.84,3.53
2022-01-07,0.84,3.58
2022-01-08,0.84,3.59
2022-01-09,0.84,3.59
2022-01-10,0.83,3.54
2022-01-11,0.84,3.52
2022-01-12,0.84,3.51
2022-01-13,0.84,3.49
2022-01-14,0.84,3.5
2022-01-15,0.84,3.48
2022-01-16,0.84,3.49
2022-01-17,0.84,3.49
2022-01-18,0.84,3.49
2022-01-19,0.84,3.48
2022-01-20,0.84,3.48
2022-01-21,0.84,3.49
2022-01-22,0.84,3.47
2022-01-23,0.84,3.48
2022-01-24,0.84,3.49
2022-01-25,0.84,3.49
2022-01-26,0.83,3.45
2022-01-27,0.83,3.46
2022-01-28,0.83,3.47
2022-01-29,0.83,3.46
2022-01-30,0.83,3.46
2022-01-31,0.83,3.46
2022-02-01,0.83,3.47
2022-02-02,0.83,3.45
2022-02-03,0.83,3.45
2022-02-04,0.82,3.44
2022-02-05,0.82,3.43
2022-02-06,0.82,3.44
2022-02-07,0.82,3.45
2022-02-08,0.81,3.46
2022-02-09,0.81,3.45
2022-02-10,0.81,3.45
2022-02-11,0.81,3.46
2022-02-12,0.81,3.46
2022-02-13,0.82,3.46
2022-02-14,0.82,3.46
2022-02-15,0.82,3.46
2022-02-16,0.82,3.46
2022-02-17,0.82,3.45
2022-02-18,0.82,3.48
2022-02-19,0.82,3.47
2022-02-20,0.82,3.46
2022-02-21,0.82,3.46
2022-02-22,0.82,3.46
2022-02-23,0.81,3.45
2022-02-24,0.81,3.43
2022-02-25,0.81,3.47
2022-02-26,0.81,3.46
2022-02-27,0.81,3.45
2022-02-28,0.81,3.47
2022-03-01,0.81,3.47
2022-03-02,0.81,3.48
2022-03-03,0.82,3.52
2022-03-04,0.82,3.51
2022-03-05,0.82,3.5
2022-03-06,0.82,3.48
2022-03-07,0.82,3.49
2022-03-08,0.82,3.47
2022-03-09,0.82,3.47
2022-03-10,0.82,3.47
2022-03-11,0.82,3.47
2022-03-12,0.82,3.5
2022-03-13,0.82,3.46
2022-03-14,0.82,3.47
2022-03-15,0.82,3.47
2022-03-16,0.83,3.52
2022-03-17,0.82,3.47
2022-03-18,0.81,3.45
2022-03-19,0.81,3.45
2022-03-20,0.81,3.43
2022-03-21,0.82,3.45
2022-03-22,0.82,3.43
2022-03-23,0.81,3.43
2022-03-24,0.82,3.41
2022-03-25,0.81,3.41
2022-03-26,0.82,3.41
2022-03-27,0.82,3.41
2022-03-28,0.82,3.41
2022-03-29,0.82,3.41
2022-03-30,0.82,3.43
2022-03-31,0.82,3.42
2022-04-01,0.82,3.42
2022-04-02,0.81,3.37
2022-04-03,0.81,3.37
2022-04-04,0.81,3.37
2022-04-05,0.81,3.37
2022-04-06,0.82,3.37
2022-04-07,0.82,3.37
2022-04-08,0.82,3.39
2022-04-09,0.82,3.39
2022-04-10,0.82,3.38
2022-04-11,0.82,3.38
2022-04-12,0.81,3.37
2022-04-13,0.81,3.37
2022-04-14,0.81,3.38
2022-04-15,0.81,3.37
2022-04-16,0.81,3.38
2022-04-17,0.81,3.37
2022-04-18,0.81,3.37
2022-04-19,0.81,3.37
2022-04-20,0.81,3.37
2022-04-21,0.81,3.37
2022-04-22,0.81,3.37
2022-04-23,0.81,3.38
2022-04-24,0.81,3.38
2022-04-25,0.81,3.38
2022-04-26,0.81,3.38
2022-04-27,0.82,3.38
2022-04-28,0.85,3.41
2022-04-29,0.84,3.41
2022-04-30,0.83,3.41
2022-05-01,0.83,3.4
2022-05-02,0.83,3.41
2022-05-03,0.98,3.58
2022-05-04,0.94,3.64
2022-05-05,0.93,3.66
2022-05-06,0.94,3.66
2022-05-07,0.92,3.63
2022-05-08,0.9,3.59
2022-05-09,0.9,3.57
2022-05-10,0.93,3.71
2022-05-11,0.92,3.66
2022-05-12,0.91,3.62
2022-05-13,0.91,3.59
2022-05-14,0.9,3.58
2022-05-15,0.85,3.52
2022-05-16,0.85,3.49
2022-05-17,0.86,3.54
2022-05-18,0.85,3.62
2022-05-19,0.83,3.57
2022-05-20,0.8,3.61
2022-05-21,0.81,3.6
2022-05-22,0.81,3.55
2022-05-23,0.81,3.5
2022-05-24,0.83,3.54
2022-05-25,0.82,3.55
2022-05-26,0.82,3.51
2022-05-27,0.93,3.67
2022-05-28,0.94,3.72
2022-05-29,0.94,3.73
2022-05-30,0.98,3.88
2022-05-31,1.0,3.89
2022-06-01,1.08,3.86
2022-06-02,0.98,3.83
2022-06-03,0.95,3.78
2022-06-04,0.94,3.71
2022-06-05,0.91,3.65
2022-06-06,0.9,3.65
2022-06-07,0.88,3.61
2022-06-08,0.87,3.6
2022-06-09,0.87,3.6
2022-06-10,0.87,3.59
2022-06-11,0.88,3.59
2022-06-12,0.86,3.55
2022-06-13,0.86,3.54
2022-06-14,0.9,3.71
2022-06-15,0.95,3.73
2022-06-16,0.94,3.71
2022-06-17,0.91,3.68
2022-06-18,0.91,3.64
2022-06-19,0.92,3.67
2022-06-20,0.93,3.7
2022-06-21,0.93,3.71
2022-06-22,0.92,3.67
2022-06-23,0.93,3.71
2022-06-24,0.93,3.68
2022-06-25,0.91,3.66
2022-06-26,0.94,3.69
2022-06-27,0.94,3.7
2022-06-28,0.92,3.67
2022-06-29,0.93,3.68
2022-06-30,0.92,3.72
2022-07-01,0.91,3.68
2022-07-02,0.94,3.73
2022-07-03,0.94,3.71
2022-07-04,0.93,3.68
2022-07-05,0.92,3.66
2022-07-06,0.83,3.52
2022-07-07,0.84,3.52
2022-07-08,0.82,3.55
2022-07-09,0.85,3.54
2022-07-10,0.83,3.5
2022-07-11,0.83,3.5
2022-07-12,0.83,3.52
2022-07-13,0.82,3.46
2022-07-14,0.81,3.47
2022-07-15,0.88,3.55
2022-07-16,0.89,3.68
2022-07-17,0.86,3.65
2022-07-18,0.84,3.59
2022-07-19,0.83,3.56
2022-07-20,0.87,3.63
2022-07-21,0.89,3.69
2022-07-22,0.83,3.59
2022-07-23,0.85,3.59
2022-07-24,0.86,3.6
2022-07-25,0.87,3.64
2022-07-26,0.89,3.62
2022-07-27,0.86,3.61
2022-07-28,0.84,3.59
2022-07-29,0.85,3.63
2022-07-30,0.86,3.66
2022-07-31,0.83,3.66
2022-08-01,0.86,3.66
2022-08-02,0.84,3.66
2022-08-03,0.88,3.75
2022-08-04,0.9,3.75
2022-08-05,0.89,3.73
2022-08-06,0.91,3.76
2022-08-07,0.93,3.78
2022-08-08,0.91,3.79
2022-08-09,0.91,3.76
2022-08-10,0.88,3.71
2022-08-11,0.91,3.76
2022-08-12,0.94,3.8
2022-08-13,0.94,3.8
2022-08-14,0.95,3.85
2022-08-15,0.96,3.91
2022-08-16,0.97,3.87
2022-08-17,0.95,3.87
2022-08-18,0.92,3.82
2022-08-19,0.9,3.77
2022-08-20,0.88,3.78
2022-08-21,0.89,3.78
2022-08-22,0.94,3.8
2022-08-23,0.92,3.8
2022-08-24,0.93,3.82
2022-08-25,0.92,3.8
2022-08-26,0.89,3.72
2022-08-27,0.87,3.69
2022-08-28,0.87,3.65
2022-08-29,0.83,3.62
2022-08-30,0.84,3.64
2022-08-31,0.82,3.58
2022-09-01,0.85,3.59
2022-09-02,0.84,3.61
2022-09-03,0.85,3.64
2022-09-04,0.81,3.56
2022-09-05,0.86,3.61
2022-09-06,0.83,3.54
2022-09-07,0.88,3.62
2022-09-08,0.85,3.56
2022-09-09,0.85,3.58
2022-09-10,0.87,3.6
2022-09-11,0.84,3.55
2022-09-12,0.85,3.59
2022-09-13,0.85,3.59
2022-09-14,0.9,3.69
2022-09-15,0.94,3.93
2022-09-16,0.96,3.88
2022-09-17,0.96,3.88
2022-09-18,0.96,3.86
2022-09-19,0.97,3.87
2022-09-20,0.99,3.87
2022-09-21,0.99,3.91
2022-09-22,0.87,3.85
2022-09-23,0.86,3.67
2022-09-24,0.85,3.64
2022-09-25,0.83,3.65
2022-09-26,0.82,3.62
2022-09-27,0.85,3.63
2022-09-28,0.85,3.68
2022-09-29,0.88,3.7
2022-09-30,0.89,3.7
2022-10-01,0.89,3.71
2022-10-02,0.87,3.7
2022-10-03,0.87,3.68
2022-10-04,0.91,3.73
2022-10-05,0.93,3.73
2022-10-06,0.99,3.85
2022-10-07,0.83,3.59
2022-10-08,0.83,3.55
2022-10-09,0.83,3.56
2022-10-10,0.83,3.55
2022-10-11,0.83,3.55
2022-10-12,0.82,3.53
2022-10-13,0.83,3.52
2022-10-14,0.82,3.53
2022-10-15,0.83,3.53
2022-10-16,0.83,3.52
2022-10-17,0.83,3.52
2022-10-18,0.83,3.52
2022-10-19,0.81,3.5
2022-10-20,0.82,3.51
2022-10-21,0.83,3.52
2022-10-22,0.84,3.55
2022-10-23,0.87,3.66
2022-10-24,0.83,3.58
2022-10-25,0.83,3.53
2022-10-26,0.82,3.52
2022-10-27,0.83,3.55
2022-10-28,0.82,3.51
2022-10-29,0.82,3.52
2022-10-30,0.83,3.5
2022-10-31,0.83,3.51
2022-11-01,0.83,3.51
2022-11-02,0.83,3.48
2022-11-03,0.84,3.54
2022-11-04,0.81,3.47
2022-11-05,0.81,3.48
2022-11-06,0.81,3.49
2022-11-07,0.81,3.5
2022-11-08,0.82,3.49
2022-11-09,0.81,3.51
2022-11-10,0.81,3.63
2022-11-11,0.82,3.52
2022-11-12,0.81,3.5
2022-11-13,0.81,3.5
2022-11-14,0.81,3.49
2022-11-15,0.81,3.49
2022-11-16,0.81,3.49
2022-11-17,0.81,3.48
2022-11-18,0.81,3.46
2022-11-19,0.81,3.45
2022-11-20,0.81,3.45
2022-11-21,0.81,3.45
2022-11-22,0.81,3.45
2022-11-23,0.82,3.45
2022-11-24,0.82,3.45
2022-11-25,0.82,3.45
2022-11-26,0.82,3.45
2022-11-27,0.82,3.45
2022-11-28,0.82,3.45
2022-11-29,0.82,3.45
2022-11-30,0.82,3.45
2022-12-01,0.82,3.45
2022-12-02,0.82,3.45
2022-12-03,0.83,3.46
2022-12-04,0.82,3.45
2022-12-05,0.83,3.44
2022-12-06,0.83,3.49
2022-12-07,0.83,3.46
2022-12-08,0.83,3.43
2022-12-09,0.82,3.44
2022-12-10,0.83,3.44
2022-12-11,0.82,3.44
2022-12-12,0.82,3.44
2022-12-13,0.82,3.45
2022-12-14,0.81,3.43
2022-12-15,0.82,3.45
2022-12-16,0.82,3.44
2022-12-17,0.82,3.44
2022-12-18,0.82,3.44
2022-12-19,0.82,3.43
2022-12-20,0.82,3.43
2022-12-21,0.82,3.42
2022-12-22,0.83,3.44
2022-12-23,0.83,3.43
2022-12-24,0.83,3.44
2022-12-25,0.83,3.43
2022-12-26,0.83,3.43
2022-12-27,0.83,3.43
2022-12-28,0.84,3.57
2022-12-29,0.82,3.55
2022-12-30,0.82,3.51
2022-12-31,0.82,3.52
2023-01-01,0.83,3.75
2023-01-02,0.83,3.59
2023-01-03,0.83,3.55
2023-01-04,0.83,3.56
2023-01-05,0.82,3.54
2023-01-06,0.81,3.51
2023-01-07,0.81,3.51
2023-01-08,0.81,3.5
2023-01-09,0.81,3.51
2023-01-10,0.82,3.55
2023-01-11,0.82,3.62
2023-01-12,0.82,3.6
2023-01-13,0.82,3.58
2023-01-14,0.82,3.53
2023-01-15,0.82,3.53
2023-01-16,0.82,3.54
2023-01-17,0.83,3.54
2023-01-18,0.82,3.53
2023-01-19,0.82,3.53
2023-01-20,0.82,3.54
2023-01-21,0.82,
2023-01-22,0.82,
2023-01-23,0.82,
2023-01-24,0.82,
2023-01-25,0.82,3.49
2023-01-26,0.83,3.48
2023-01-27,0.83,3.48
2023-01-28,0.83,3.49
2023-01-29,0.83,3.48
2023-01-30,0.83,3.49
2023-01-31,0.82,3.49
2023-02-01,0.83,3.51
2023-02-02,0.83,3.49
2023-02-03,0.83,3.49
2023-02-04,0.83,3.48
2023-02-05,0.83,3.48
2023-02-06,0.84,3.5
2023-02-07,0.83,3.48
2023-02-08,0.83,3.48
2023-02-09,0.84,3.49
2023-02-10,0.84,3.49
2023-02-11,0.84,3.49
2023-02-12,0.84,3.48
2023-02-13,0.84,3.47
2023-02-14,0.82,3.47
2023-02-15,0.82,3.46
2023-02-16,0.82,3.42
2023-02-17,0.82,3.47
2023-02-18,0.82,3.46
2023-02-19,0.82,3.46
2023-02-20,0.83,3.48
2023-02-21,0.83,3.48
2023-02-22,0.83,3.49
2023-02-23,0.83,3.46
2023-02-24,0.83,3.49
2023-02-25,0.83,3.48
2023-02-26,0.83,3.49
2023-02-27,0.83,3.49
2023-02-28,0.84,3.5
2023-03-01,0.84,3.5
2023-03-02,0.83,3.5
2023-03-03,0.83,3.49
2023-03-04,0.84,3.5
2023-03-05,0.84,3.49
2023-03-06,0.83,3.49
2023-03-07,0.84,3.49
2023-03-08,0.84,3.49
2023-03-09,0.83,3.47
2023-03-10,0.83,3.48
2023-03-11,0.84,3.57
2023-03-12,0.84,3.61
2023-03-13,0.84,3.61
2023-03-14,0.84,3.64
2023-03-15,0.85,3.71
2023-03-16,0.88,4.01
2023-03-17,0.86,3.86
2023-03-18,0.85,3.82
2023-03-19,0.85,3.77
2023-03-20,0.85,3.73
2023-03-21,0.84,3.71
2023-03-22,0.85,3.66
2023-03-23,0.85,3.66
2023-03-24,0.84,3.67
2023-03-25,0.97,3.63
2023-03-26,0.97,3.82
2023-03-27,0.97,3.82
2023-03-28,0.97,3.8
2023-03-29,0.97,3.81
2023-03-30,0.96,3.81
2023-03-31,0.98,3.88
2023-04-01,0.97,3.89
2023-04-02,0.97,3.91
2023-04-03,0.99,4.13
2023-04-04,1.19,4.38
2023-04-05,1.19,4.27
2023-04-06,1.18,4.22
2023-04-07,1.18,4.22
2023-04-08,1.18,4.23
2023-04-09,1.19,4.39
2023-04-10,1.21,4.58
2023-04-11,1.22,4.58
2023-04-12,1.26,4.71
2023-04-13,1.32,4.85
2023-04-14,1.23,4.55
2023-04-15,1.65,5.14
2023-04-16,1.65,5.12
2023-04-17,1.66,5.11
2023-04-18,1.7,5.17
2023-04-19,1.69,5.22
2023-04-20,1.68,5.13
2023-04-21,1.66,5.11
2023-04-22,1.66,5.08
2023-04-23,1.66,5.06
2023-04-24,1.66,5.05
2023-04-25,1.66,5.07
2023-04-26,1.66,5.07
2023-04-27,1.67,5.06
2023-04-28,1.66,5.08
2023-04-29,1.66,5.12
2023-04-30,1.67,5.1
2023-05-01,1.68,5.14
2023-05-02,1.69,5.16
2023-05-03,1.68,5.16
2023-05-04,1.65,
2023-05-05,1.64,5.21
2023-05-06,1.64,5.13
2023-05-07,1.63,5.1
2023-05-08,1.64,5.07
2023-05-09,1.63,5.04
2023-05-10,1.6,5.01
2023-05-11,1.6,5.05
2023-05-12,1.6,5.05
2023-05-13,1.62,5.07
2023-05-14,1.62,5.08
2023-05-15,1.61,5.27
2023-05-16,1.62,5.36
2023-05-17,1.61,5.29
2023-05-18,1.6,5.29
2023-05-19,1.74,5.46
2023-05-20,1.87,5.54
2023-05-21,1.87,5.64
2023-05-22,1.87,5.65
2023-05-23,1.86,5.63
2023-05-24,2.04,5.64
2023-05-25,2.24,6.19
2023-05-26,2.38,6.37
2023-05-27,2.52,6.54
2023-05-28,2.53,6.51
2023-05-29,2.52,6.5
2023-05-30,2.53,6.5
2023-05-31,2.6,6.67
2023-06-01,2.71,6.89
2023-06-02,2.7,6.92
2023-06-03,2.72,6.98
2023-06-04,2.71,6.95
2023-06-05,2.74,7.03
2023-06-06,2.75,7.03
2023-06-07,2.77,7.02
2023-06-08,2.76,7.06
2023-06-09,2.77,7.03
2023-06-10,2.65,7.0
2023-06-11,2.65,6.78
2023-06-12,2.42,6.44
2023-06-13,2.41,6.47
2023-06-14,2.85,7.07
2023-06-15,3.0,7.33
2023-06-16,3.14,7.61
2023-06-17,3.21,7.56
2023-06-18,2.99,7.32
2023-06-19,2.97,7.28
2023-06-20,2.99,7.27
2023-06-21,2.97,7.23
2023-06-22,3.04,7.22
2023-06-23,3.1,7.39
2023-06-24,3.23,7.5
2023-06-25,3.23,7.5
2023-06-26,3.13,7.48
2023-06-27,2.34,6.6
2023-06-28,2.01,5.64
2023-06-29,1.68,5.04
2023-06-30,1.93,5.41
2023-07-01,2.25,5.9
2023-07-02,2.21,5.91
2023-07-03,1.76,5.23
2023-07-04,1.61,5.01
2023-07-05,1.51,4.8
2023-07-06,1.49,4.75
2023-07-07,1.49,4.78
2023-07-08,1.47,4.73
2023-07-09,1.48,4.73
2023-07-10,1.47,4.72
2023-07-11,1.47,4.7
2023-07-12,1.47,4.69
2023-07-13,1.63,4.91
2023-07-14,1.62,4.92
2023-07-15,1.62,4.94
2023-07-16,1.64,4.94
2023-07-17,1.63,4.96
2023-07-18,1.62,4.96
2023-07-19,1.42,4.64
2023-07-20,1.42,4.62
2023-07-21,1.43,4.7
2023-07-22,1.26,4.47
2023-07-23,1.26,4.47
2023-07-24,1.24,4.44
2023-07-25,1.26,4.42
2023-07-26,0.86,
2023-07-27,0.87,
2023-07-28,0.87,
2023-07-29,0.88,
2023-07-30,0.88,
2023-07-31,0.86,3.63
2023-08-01,0.84,3.63
2023-08-02,0.84,3.63
2023-08-03,0.88,3.74
2023-08-04,0.93,3.91
2023-08-05,0.95,3.87
2023-08-06,0.94,3.88
2023-08-07,0.95,3.84
2023-08-08,0.94,3.83
2023-08-09,0.93,3.78
2023-08-10,0.92,3.75
2023-08-11,0.91,3.74
2023-08-12,0.92,3.74
2023-08-13,0.88,3.67
2023-08-14,0.93,3.76
2023-08-15,0.93,3.75
2023-08-16,0.9,3.71
2023-08-17,0.89,3.73
2023-08-18,0.93,3.77
2023-08-19,0.92,3.74
2023-08-20,0.95,3.77
2023-08-21,0.93,3.84
2023-08-22,0.92,3.8
2023-08-23,0.96,3.87
2023-08-24,0.97,3.87
2023-08-25,0.99,3.96
2023-08-26,0.99,3.9
2023-08-27,0.97,3.86
2023-08-28,0.96,3.84
2023-08-29,0.93,3.76
2023-08-30,0.91,3.74
2023-08-31,0.94,3.76
2023-09-01,0.93,3.75
2023-09-02,0.97,3.84
2023-09-03,0.97,3.86
2023-09-04,0.97,3.85
2023-09-05,0.98,4.0
2023-09-06,0.89,3.83
2023-09-07,0.9,3.74
2023-09-08,0.89,3.74
2023-09-09,0.89,3.72
2023-09-10,0.9,3.71
2023-09-11,0.88,3.71
2023-09-12,0.88,3.7
2023-09-13,0.85,3.68
2023-09-14,0.88,3.75
2023-09-15,0.87,3.73
2023-09-16,0.86,3.69
2023-09-17,0.87,3.69
2023-09-18,0.87,3.69
2023-09-19,0.87,3.7
2023-09-20,0.87,3.7
2023-09-21,0.86,3.69
2023-09-22,0.87,3.71
2023-09-23,0.88,3.74
2023-09-24,0.89,3.75
2023-09-25,0.89,3.75
2023-09-26,0.9,3.75
2023-09-27,0.9,3.74
2023-09-28,0.9,3.75
2023-09-29,0.9,3.75
2023-09-30,0.89,3.71
2023-10-01,0.9,3.73
2023-10-02,0.89,3.75
2023-10-03,0.98,4.07
2023-10-04,0.88,3.78
2023-10-05,0.88,3.75
2023-10-06,0.88,3.73
2023-10-07,0.88,3.73
2023-10-08,0.89,3.71
2023-10-09,0.88,3.72
2023-10-10,0.88,3.71
2023-10-11,0.89,3.72
2023-10-12,0.88,3.78
2023-10-13,0.89,3.76
2023-10-14,0.92,3.8
2023-10-15,0.94,3.76
2023-10-16,0.94,3.77
2023-10-17,0.81,3.55
2023-10-18,0.81,3.52
2023-10-19,0.81,3.51
2023-10-20,0.81,3.51
2023-10-21,0.81,3.5
2023-10-22,0.81,3.48
2023-10-23,0.81,3.48
2023-10-24,0.8,3.5
2023-10-25,0.82,3.5
2023-10-26,0.82,3.49
2023-10-27,0.81,3.49
2023-10-28,0.81,3.49
2023-10-29,0.81,3.49
2023-10-30,0.81,3.5
2023-10-31,0.82,3.5
2023-11-01,0.82,3.51
2023-11-02,0.82,3.48
2023-11-03,0.82,3.48
2023-11-04,0.81,3.49
2023-11-05,0.82,3.47
2023-11-06,0.82,3.48
2023-11-07,0.82,3.46
2023-11-08,0.83,3.54
2023-11-09,0.82,3.49
2023-11-10,0.82,3.48
2023-11-11,0.82,3.47
2023-11-12,0.82,3.47
2023-11-13,0.83,3.46
2023-11-14,0.82,3.45
2023-11-15,0.83,3.45
2023-11-16,0.83,3.47
2023-11-17,0.83,3.62
2023-11-18,0.83,3.51
2023-11-19,0.83,3.52
2023-11-20,0.84,3.55
2023-11-21,0.82,3.48
2023-11-22,0.82,3.49
2023-11-23,0.82,3.5
2023-11-24,0.83,3.5
2023-11-25,0.82,3.5
2023-11-26,0.82,3.5
2023-11-27,0.82,3.49
2023-11-28,0.82,3.5
2023-11-29,0.82,3.48
2023-11-30,0.83,3.48
2023-12-01,0.82,3.48
2023-12-02,0.82,3.47
2023-12-03,0.82,3.48
2023-12-04,0.83,3.52
2023-12-05,0.83,3.56
2023-12-06,0.83,3.5
2023-12-07,0.83,3.47
2023-12-08,0.83,3.46
2023-12-09,0.83,3.49
2023-12-10,0.83,3.46
2023-12-11,0.83,3.47
2023-12-12,0.82,3.45
2023-12-13,0.82,3.46
2023-12-14,0.82,3.46
2023-12-15,0.82,3.47
2023-12-16,0.82,3.46
2023-12-17,0.82,3.46
2023-12-18,0.82,3.47
2023-12-19,0.82,3.47
2023-12-20,0.82,3.48
2023-12-21,0.82,3.48
2023-12-22,0.82,3.48
2023-12-23,0.82,3.48
2023-12-24,0.82,3.48
2023-12-25,0.82,3.49
2023-12-26,0.82,3.52
2023-12-27,0.82,3.53
2023-12-28,0.82,3.52
2023-12-29,0.83,3.5
2023-12-30,0.83,3.5
2023-12-31,0.83,3.5
2024-01-01,0.83,3.5
2024-01-02,0.83,3.51
2024-01-03,0.82,3.53
2024-01-04,0.82,3.54
2024-01-05,0.82,3.52
2024-01-06,0.82,3.52
2024-01-07,0.82,3.49
2024-01-08,0.82,3.49
2024-01-09,0.82,3.52
2024-01-10,0.82,3.5
2024-01-11,0.83,3.53
2024-01-12,0.82,3.52
2024-01-13,0.83,3.49
2024-01-14,0.83,3.51
2024-01-15,0.83,3.52
2024-01-16,0.83,3.49
2024-01-17,0.85,3.51
2024-01-18,0.82,3.57
2024-01-19,0.84,3.52
2024-01-20,0.82,3.5
2024-01-21,0.83,3.5
2024-01-22,0.83,3.51
2024-01-23,0.83,3.5
2024-01-24,0.82,3.51
2024-01-25,0.83,3.52
2024-01-26,0.83,3.52
2024-01-27,0.83,3.51
2024-01-28,0.83,3.5
2024-01-29,0.83,3.5
2024-01-30,0.83,3.51
2024-01-31,0.83,3.51
2024-02-01,0.83,3.51
2024-02-02,0.83,3.5
2024-02-03,0.83,3.54
2024-02-04,0.83,3.53
2024-02-05,0.83,3.52
2024-02-06,0.84,3.54
2024-02-07,0.83,3.55
2024-02-08,0.83,3.61
2024-02-09,0.83,3.56
2024-02-10,0.83,3.55
2024-02-11,0.83,3.56
2024-02-12,0.83,3.56
2024-02-13,0.83,3.56
2024-02-14,0.83,3.55
2024-02-15,0.84,3.53
2024-02-16,0.84,3.59
2024-02-17,0.85,3.58
2024-02-18,0.84,3.56
2024-02-19,0.85,3.57
2024-02-20,0.85,3.56
2024-02-21,0.85,3.72
2024-02-22,0.86,3.86
2024-02-23,0.85,3.79
2024-02-24,0.85,3.72
2024-02-25,0.85,3.66
2024-02-26,0.85,3.64
2024-02-27,0.86,3.75
2024-02-28,0.85,3.69
2024-02-29,0.85,3.64
2024-03-01,0.85,3.61
2024-03-02,0.86,3.74
2024-03-03,0.86,3.8
2024-03-04,0.85,3.68
2024-03-05,0.85,3.62
2024-03-06,0.85,3.6
2024-03-07,0.85,3.64
2024-03-08,0.85,3.69
2024-03-09,0.85,3.65
2024-03-10,0.85,3.65
2024-03-11,0.86,3.68
2024-03-12,0.86,3.65
2024-03-13,0.86,3.61
2024-03-14,0.86,3.66
2024-03-15,0.86,3.61
2024-03-16,0.86,3.58
2024-03-17,0.87,3.58
2024-03-18,0.87,3.57
2024-03-19,1.17,4.09
2024-03-20,1.18,4.12
2024-03-21,1.17,4.13
2024-03-22,1.17,4.13
2024-03-23,1.17,4.14
2024-03-24,1.17,4.14
2024-03-25,1.18,4.16
2024-03-26,1.17,4.15
2024-03-27,1.16,4.14
2024-03-28,1.16,4.14
2024-03-29,1.17,4.21
2024-03-30,1.16,4.16
2024-03-31,1.17,4.18
2024-04-01,1.17,4.19
2024-04-02,1.16,4.16
2024-04-03,1.17,4.14
2024-04-04,1.17,4.15
2024-04-05,1.16,4.13
2024-04-06,1.16,4.16
2024-04-07,1.17,4.14
2024-04-08,1.17,4.16
2024-04-09,1.17,4.13
2024-04-10,1.17,4.11
2024-04-11,1.18,4.11
2024-04-12,1.17,4.12
2024-04-13,1.17,4.11
2024-04-14,1.17,4.12
2024-04-15,1.18,4.13
2024-04-16,1.18,4.16
2024-04-17,1.17,4.16
2024-04-18,1.65,4.94
2024-04-19,1.64,4.95
2024-04-20,1.63,4.93
2024-04-21,1.64,4.94
2024-04-22,1.64,4.97
2024-04-23,1.66,4.99
2024-04-24,1.66,5.01
2024-04-25,1.65,5.02
2024-04-26,1.64,5.06
2024-04-27,1.65,5.01
2024-04-28,1.65,5.01
2024-04-29,1.66,5.0
2024-04-30,1.65,4.97
2024-05-01,1.66,5.06
2024-05-02,1.97,5.4
2024-05-03,1.97,5.57
2024-05-04,1.98,5.58
2024-05-05,1.97,5.56
2024-05-06,1.97,5.6
2024-05-07,1.65,5.32
2024-05-08,1.64,5.07
2024-05-09,1.64,5.06
2024-05-10,1.64,5.07
2024-05-11,1.65,5.05
2024-05-12,1.65,5.04
2024-05-13,1.65,5.05
2024-05-14,1.64,5.07
2024-05-15,1.64,5.05
2024-05-16,1.64,5.09
2024-05-17,1.63,5.01
2024-05-18,1.61,4.97
2024-05-19,1.6,4.98
2024-05-20,1.61,5.06
2024-05-21,1.59,5.03
2024-05-22,1.59,5.01
2024-05-23,1.6,4.98
2024-05-24,1.6,4.97
2024-05-25,1.99,5.29
2024-05-26,2.03,5.78
2024-05-27,2.03,5.7
2024-05-28,2.02,5.67
2024-05-29,2.04,5.67
2024-05-30,1.98,5.67
2024-05-31,2.33,6.2
2024-06-01,2.34,6.21
2024-06-02,2.78,6.77
2024-06-03,2.94,7.25
2024-06-04,3.25,7.39
2024-06-05,3.27,7.62
2024-06-06,3.12,7.59
2024-06-07,3.09,7.25
2024-06-08,2.96,7.09
2024-06-09,2.94,7.09
2024-06-10,2.95,7.08
2024-06-11,3.07,7.23
2024-06-12,2.87,6.98
2024-06-13,2.8,6.77
2024-06-14,2.45,6.28
2024-06-15,2.17,5.92
2024-06-16,2.14,5.78
2024-06-17,2.16,5.81
2024-06-18,2.23,5.94
2024-06-19,2.23,5.9
2024-06-20,2.13,5.75
2024-06-21,1.81,5.25
2024-06-22,1.45,4.7
2024-06-23,1.43,4.62
2024-06-24,1.44,4.63
2024-06-25,1.43,4.63
2024-06-26,1.43,4.57
2024-06-27,1.42,4.57
2024-06-28,1.43,4.7
2024-06-29,1.45,4.63
2024-06-30,1.43,4.62
2024-07-01,1.43,4.62
2024-07-02,1.48,4.54
2024-07-03,1.49,4.68
2024-07-04,1.48,4.68
2024-07-05,1.5,4.7
2024-07-06,1.49,4.68
2024-07-07,1.5,4.67
2024-07-08,1.47,4.61
2024-07-09,0.93,3.77
2024-07-10,0.88,3.63
2024-07-11,0.86,3.61
2024-07-12,0.83,3.6
2024-07-13,0.85,3.62
2024-07-14,0.84,3.62
2024-07-15,0.84,3.63
2024-07-16,0.87,3.73
2024-07-17,0.87,3.56
2024-07-18,0.88,3.62
2024-07-19,0.88,3.6
2024-07-20,0.89,3.63
2024-07-21,0.87,3.58
2024-07-22,0.91,3.63
2024-07-23,0.9,3.6
2024-07-24,0.83,3.5
2024-07-25,0.88,3.6
2024-07-26,0.89,3.57
2024-07-27,0.9,3.61
2024-07-28,0.88,3.61
2024-07-29,0.91,3.64
2024-07-30,0.87,3.59
2024-07-31,0.89,3.58
2024-08-01,0.89,3.58
2024-08-02,0.88,3.59
2024-08-03,0.88,
2024-08-04,0.85,
2024-08-05,0.91,
2024-08-06,0.89,
2024-08-07,0.89,3.58
2024-08-08,0.87,
2024-08-09,0.86,
2024-08-10,0.87,
2024-08-11,0.85,
2024-08-12,0.84,
2024-08-13,0.9,
2024-08-14,0.9,
2024-08-15,0.93,
2024-08-16,0.9,3.77
2024-08-17,0.95,
2024-08-18,0.92,
2024-08-19,0.91,3.8
2024-08-20,0.94,3.78
2024-08-21,0.93,3.71
2024-08-22,0.92,3.63
2024-08-23,0.88,3.65
2024-08-24,0.88,3.66
2024-08-25,0.92,3.68
2024-08-26,0.92,3.71
2024-08-27,0.86,3.64
2024-08-28,0.89,3.66
2024-08-29,0.89,3.65
2024-08-30,0.88,3.58
2024-08-31,0.87,3.65
2024-09-01,0.91,3.67
2024-09-02,0.89,3.63
2024-09-03,0.93,3.71
2024-09-04,0.89,3.66
2024-09-05,0.84,3.57
2024-09-06,0.83,3.58
2024-09-07,0.87,3.62
2024-09-08,0.85,3.61
2024-09-09,0.85,3.57
2024-09-10,0.85,3.56
2024-09-11,0.85,3.6
2024-09-12,0.87,3.63
2024-09-13,0.85,3.62
2024-09-14,0.88,3.65
2024-09-15,0.88,3.67
2024-09-16,0.87,3.64
2024-09-17,0.9,3.66
2024-09-18,0.93,3.81
2024-09-19,0.92,3.74
2024-09-20,0.87,3.69
2024-09-21,0.86,3.63
2024-09-22,0.87,3.63
2024-09-23,0.87,3.63
2024-09-24,0.85,3.6
2024-09-25,0.86,3.59
2024-09-26,0.89,3.64
2024-09-27,0.84,3.59
2024-09-28,0.86,3.61
2024-09-29,0.85,3.59
2024-09-30,0.88,3.62
2024-10-01,0.87,3.63
2024-10-02,0.87,3.62
2024-10-03,0.89,3.64
2024-10-04,0.88,3.63
2024-10-05,0.88,3.62
2024-10-06,0.88,3.64
2024-10-07,0.88,3.64
2024-10-08,0.89,3.65
2024-10-09,0.93,3.71
2024-10-10,0.93,3.66
2024-10-11,0.9,3.58
2024-10-12,0.91,3.61
2024-10-13,0.91,3.61
2024-10-14,0.88,3.58
2024-10-15,0.85,3.52
2024-10-16,0.85,3.53
2024-10-17,0.87,3.54
2024-10-18,0.83,3.55
2024-10-19,0.83,3.51
2024-10-20,0.83,3.48
2024-10-21,0.83,3.48
2024-10-22,0.84,3.46
2024-10-23,0.86,3.51
2024-10-24,0.86,3.52
2024-10-25,0.83,3.48
2024-10-26,0.84,3.48
2024-10-27,0.84,3.48
2024-10-28,0.84,3.49
2024-10-29,0.84,3.48
2024-10-30,0.83,3.47
2024-10-31,0.83,3.47
2024-11-01,0.83,3.47
2024-11-02,0.84,3.48
2024-11-03,0.84,3.48
2024-11-04,0.84,3.48
2024-11-05,0.83,3.46
2024-11-06,0.82,3.46
2024-11-07,0.82,3.43
2024-11-08,0.82,3.46
2024-11-09,0.82,3.46
2024-11-10,0.81,3.47
2024-11-11,0.82,3.46
2024-11-12,0.82,3.47
2024-11-13,0.83,3.47
2024-11-14,0.82,3.47
2024-11-15,0.82,3.46
2024-11-16,0.83,3.46
2024-11-17,0.83,3.47
2024-11-18,0.83,3.47
2024-11-19,0.83,3.47
2024-11-20,0.87,3.46
2024-11-21,0.82,3.46
2024-11-22,0.82,3.46
2024-11-23,0.83,3.46
2024-11-24,0.83,3.45
2024-11-25,0.83,3.46
2024-11-26,0.83,3.46
2024-11-27,0.84,3.51
2024-11-28,0.82,3.54
2024-11-29,0.82,3.46
2024-11-30,0.82,3.46
2024-12-01,0.82,3.46
2024-12-02,0.82,3.46
2024-12-03,0.84,3.47
2024-12-04,0.83,3.46
2024-12-05,0.83,3.47
2024-12-06,0.83,3.46
2024-12-07,0.83,3.46
2024-12-08,0.83,3.44
2024-12-09,0.83,3.45
2024-12-10,0.83,3.44
2024-12-11,0.83,3.45
2024-12-12,0.83,3.44
2024-12-13,0.83,3.44
2024-12-14,0.83,3.44
2024-12-15,0.83,3.44
2024-12-16,0.83,3.43
2024-12-17,0.86,3.44
2024-12-18,0.84,3.45
2024-12-19,0.83,3.44
2024-12-20,0.83,3.44
2024-12-21,0.83,3.44
2024-12-22,0.83,3.44
2024-12-23,0.83,3.45
2024-12-24,0.83,3.45
2024-12-25,0.83,3.45
2024-12-26,0.84,3.47
2024-12-27,0.84,3.45
2024-12-28,0.85,3.5
2024-12-29,0.84,3.5
2024-12-30,0.83,3.49
2024-12-31,0.83,3.5
2025-01-01,0.82,3.46
2025-01-02,0.82,3.46
2025-01-03,0.83,3.47
2025-01-04,0.83,3.45
2025-01-05,0.83,3.45
2025-01-06,0.82,3.45
2025-01-07,0.83,3.45
2025-01-08,0.83,3.45
2025-01-09,0.83,3.46
2025-01-10,0.83,3.45
2025-01-11,0.83,3.46
2025-01-12,0.83,3.44
2025-01-13,0.83,3.45
2025-01-14,0.83,3.47
2025-01-15,0.83,3.44
2025-01-16,0.82,3.45
2025-01-17,0.83,3.45
2025-01-18,0.83,3.45
2025-01-19,0.82,3.42
2025-01-20,0.83,3.46
2025-01-21,0.83,3.42
2025-01-22,0.83,3.45
2025-01-23,0.83,3.42
2025-01-24,0.83,3.47
2025-01-25,0.83,3.42
2025-01-26,0.83,3.42
2025-01-27,0.83,3.42
2025-01-28,0.83,3.41
2025-01-29,0.82,3.41
2025-01-30,0.82,3.41
2025-01-31,0.83,3.43
2025-02-01,0.82,3.43
2025-02-02,0.82,3.48
2025-02-03,0.83,3.7
2025-02-04,0.83,3.6
2025-02-05,0.83,3.6
2025-02-06,0.83,3.51
2025-02-07,0.83,3.49
2025-02-08,0.84,3.87
2025-02-09,0.83,3.54
2025-02-10,0.83,3.51
2025-02-11,0.83,3.5
2025-02-12,0.83,3.49
2025-02-13,0.83,3.52
2025-02-14,0.84,3.5
2025-02-15,0.83,3.56
2025-02-16,0.83,3.5
2025-02-17,0.83,3.48
2025-02-18,0.83,3.46
2025-02-19,0.83,3.45
2025-02-20,0.83,3.46
2025-02-21,0.83,3.46
2025-02-22,0.83,3.46
2025-02-23,0.83,3.46
2025-02-24,0.83,3.46
2025-02-25,0.84,3.49
2025-02-26,0.83,3.51
2025-02-27,0.83,3.5
2025-02-28,0.83,3.49
2025-03-01,0.83,3.5
2025-03-02,0.84,3.52
2025-03-03,0.84,3.58
2025-03-04,0.84,3.62
2025-03-05,0.84,3.68
2025-03-06,0.84,3.61
2025-03-07,0.85,3.9
2025-03-08,0.85,3.68
2025-03-09,0.84,3.58
2025-03-10,0.84,3.56
2025-03-11,0.84,3.55
2025-03-12,0.84,3.5
2025-03-13,0.84,3.49
2025-03-14,0.84,3.51
2025-03-15,0.83,3.52
2025-03-16,0.83,3.51
2025-03-17,0.83,3.48
2025-03-18,0.82,3.47
2025-03-19,0.82,3.46
2025-03-20,0.82,3.46
2025-03-21,0.82,3.45
2025-03-22,0.82,3.45
2025-03-23,0.82,3.45
2025-03-24,0.82,3.45
2025-03-25,1.14,3.96
2025-03-26,1.15,4.02
2025-03-27,1.15,4.02
2025-03-28,1.15,4.01
2025-03-29,1.15,4.01
2025-03-30,1.16,4.01
2025-03-31,1.15,4.02
2025-04-01,1.15,4.02
2025-04-02,1.15,4.04
2025-04-03,1.14,4.03
2025-04-04,1.15,4.03
2025-04-05,1.15,4.01
2025-04-06,1.15,4.02
2025-04-07,1.15,4.02
2025-04-08,1.15,4.02
2025-04-09,1.16,4.02
2025-04-10,0.93,3.67
2025-04-11,1.15,4.03
2025-04-12,1.15,4.01
2025-04-13,1.15,4.01
2025-04-14,1.16,4.01
2025-04-15,1.16,4.01
2025-04-16,1.16,4.01
2025-04-17,1.16,4.03
2025-04-18,1.17,4.08
2025-04-19,1.17,4.04
2025-04-20,1.15,4.01
2025-04-21,1.15,4.04
2025-04-22,1.16,4.03
2025-04-23,1.15,4.02
2025-04-24,1.15,4.06
2025-04-25,1.1,3.98
2025-04-26,1.1,3.97
2025-04-27,1.1,3.95
2025-04-28,1.1,3.95
2025-04-29,1.05,3.86
2025-04-30,1.05,3.82
2025-05-01,1.05,3.91
2025-05-02,1.05,3.9
2025-05-03,0.83,3.87
2025-05-04,1.02,3.84
2025-05-05,1.01,3.86
2025-05-06,1.02,3.92
2025-05-07,1.04,3.93
2025-05-08,1.0,3.91
2025-05-09,1.02,3.93
2025-05-10,0.97,3.84
2025-05-11,0.98,3.82
2025-05-12,0.95,3.76
2025-05-13,0.96,3.83
2025-05-14,0.97,3.85
2025-05-15,0.94,3.82
2025-05-16,1.49,4.66
2025-05-17,1.46,4.63
2025-05-18,1.49,4.68
2025-05-19,1.5,4.77
2025-05-20,1.95,5.4
2025-05-21,1.95,5.41
2025-05-22,1.95,5.4
2025-05-23,1.91,5.35
2025-05-24,1.89,5.31
2025-05-25,1.92,5.35
2025-05-26,1.9,5.36
2025-05-27,1.88,5.32
2025-05-28,1.45,4.7
2025-05-29,0.89,3.77
2025-05-30,0.91,3.72
2025-05-31,0.91,3.71
2025-06-01,0.91,3.7
2025-06-02,0.94,3.72
2025-06-03,0.87,3.61
2025-06-04,1.4,4.5
2025-06-05,1.41,4.55
2025-06-06,1.42,4.62
2025-06-07,1.42,4.6
2025-06-08,1.46,4.65
2025-06-09,1.44,4.6
2025-06-10,1.46,4.62
2025-06-11,1.46,4.62
2025-06-12,1.48,4.62
2025-06-13,1.47,4.64
2025-06-14,1.46,4.63
2025-06-15,1.47,4.64
2025-06-16,1.47,4.62
2025-06-17,1.46,4.61
2025-06-18,1.44,4.59
2025-06-19,1.44,4.61
2025-06-20,1.42,4.56
2025-06-21,1.43,4.53
2025-06-22,1.41,4.55
2025-06-23,1.43,4.57
2025-06-24,0.83,3.84
2025-06-25,0.8,3.53
2025-06-26,0.81,3.49
2025-06-27,0.84,3.52
2025-06-28,0.84,3.53
2025-06-29,0.79,3.46
2025-06-30,0.82,3.47
2025-07-01,0.81,3.44
2025-07-02,0.82,3.44
2025-07-03,0.83,3.49
2025-07-04,0.81,3.48
2025-07-05,0.85,3.53
2025-07-06,0.84,3.54
2025-07-07,0.82,3.48
2025-07-08,0.77,3.44
2025-07-09,0.79,3.38
2025-07-10,0.77,3.39
2025-07-11,0.97,3.73
2025-07-12,0.85,3.49
2025-07-13,0.86,3.53
2025-07-14,0.83,3.48
2025-07-15,0.82,3.47
2025-07-16,0.82,3.48
2025-07-17,0.8,3.48
2025-07-18,0.85,3.5
2025-07-19,0.84,3.56
2025-07-20,0.83,3.55
2025-07-21,0.89,3.58
2025-07-22,0.85,3.57
2025-07-23,0.87,3.54
2025-07-24,0.87,3.53
2025-07-25,0.86,3.53
2025-07-26,0.88,3.55
2025-07-27,0.89,3.56
2025-07-28,0.87,3.56
2025-07-29,0.88,3.54
2025-07-30,0.87,3.57
2025-07-31,0.83,3.54
2025-08-01,0.86,3.55
2025-08-02,0.85,3.54
2025-08-03,0.83,3.52
2025-08-04,0.87,3.57
2025-08-05,1.38,4.28
2025-08-06,1.39,4.47
2025-08-07,1.39,4.46
2025-08-08,1.4,4.48
2025-08-09,1.38,4.46
2025-08-10,1.42,4.51
2025-08-11,1.43,4.53
2025-08-12,1.41,4.48
2025-08-13,1.41,4.55
2025-08-14,1.42,4.53
2025-08-15,1.41,4.54
2025-08-16,1.4,4.5
2025-08-17,1.42,4.51
2025-08-18,1.41,4.53
2025-08-19,1.43,4.57
2025-08-20,1.42,4.55
2025-08-21,1.43,4.55
2025-08-22,1.42,4.56
2025-08-23,1.43,4.54
2025-08-24,1.47,4.67
2025-08-25,1.49,4.69
2025-08-26,1.46,4.61
2025-08-27,1.49,4.73
2025-08-28,1.49,4.71
2025-08-29,1.52,4.76
2025-08-30,1.5,4.73
2025-08-31,1.51,4.72
2025-09-01,1.52,4.74
2025-09-02,1.49,4.69
2025-09-03,1.48,4.67
2025-09-04,1.48,4.68
2025-09-05,1.47,4.67
2025-09-06,1.46,4.66
2025-09-07,1.47,4.68
2025-09-08,1.49,4.69
2025-09-09,1.47,4.67
2025-09-10,1.48,4.68
2025-09-11,1.49,4.69
2025-09-12,1.5,4.73
2025-09-13,1.52,4.76
2025-09-14,1.52,4.78
2025-09-15,1.52,4.76
2025-09-16,1.54,4.78
2025-09-17,1.53,4.76
2025-09-18,1.53,4.78
2025-09-19,1.52,4.76
2025-09-20,1.52,4.78
2025-09-21,1.53,4.78
2025-09-22,1.53,4.79
2025-09-23,1.52,4.79
2025-09-24,1.54,4.79
2025-09-25,1.55,4.81
2025-09-26,1.54,4.8
2025-09-27,1.53,4.77
2025-09-28,1.55,4.8
2025-09-29,1.55,4.81
2025-09-30,1.55,4.8
2025-10-01,1.56,4.84
2025-10-02,1.07,4.0
2025-10-03,1.04,3.95
2025-10-04,1.12,4.04
2025-10-05,1.13,4.12
2025-10-06,1.13,4.08
2025-10-07,0.81,3.58
2025-10-08,0.81,3.5
2025-10-09,0.8,3.5
2025-10-10,0.81,3.48
2025-10-11,0.81,3.55
2025-10-12,0.81,3.51
2025-10-13,0.81,3.52
2025-10-14,0.82,3.51
2025-10-15,0.8,3.5
2025-10-16,0.8,3.46
2025-10-17,0.81,3.53
2025-10-18,0.8,3.5
2025-10-19,0.8,3.49
2025-10-20,0.8,3.48
2025-10-21,0.81,3.47
2025-10-22,0.8,3.47
2025-10-23,0.8,3.45
2025-10-24,0.8,3.46
2025-10-25,0.8,3.45
2025-10-26,0.8,3.46
2025-10-27,0.81,3.45
2025-10-28,0.81,3.46
2025-10-29,0.8,3.44
2025-10-30,0.8,3.45
2025-10-31,0.8,3.45
2025-11-01,0.8,3.45
2025-11-02,0.81,3.46
2025-11-03,0.81,3.46
2025-11-04,0.8,3.47
2025-11-05,0.8,3.42
2025-11-06,0.8,3.43
2025-11-07,0.8,3.43
2025-11-08,0.8,3.45
2025-11-09,0.81,3.44
2025-11-10,0.81,3.44
2025-11-11,0.82,3.45
2025-11-12,0.81,3.43
2025-11-13,0.81,3.43
2025-11-14,0.81,3.44
2025-11-15,0.8,3.42
2025-11-16,0.81,3.42
2025-11-17,0.82,3.46
2025-11-18,0.8,3.4
2025-11-19,0.81,3.42
2025-11-20,0.8,3.41
2025-11-21,0.79,3.42
2025-11-22,0.79,3.42
2025-11-23,0.79,3.42
2025-11-24,0.8,3.43
2025-11-25,0.8,3.42
2025-11-26,0.8,3.42
2025-11-27,0.79,3.41
2025-11-28,0.79,3.41
2025-11-29,0.79,3.42
2025-11-30,0.79,3.42
2025-12-01,0.79,3.44
2025-12-02,0.78,3.53
2025-12-03,0.78,3.41
2025-12-04,0.78,3.41
2025-12-05,0.78,3.41
2025-12-06,0.78,3.41
2025-12-07,0.79,3.54
2025-12-08,0.78,3.44
2025-12-09,0.78,3.42
2025-12-10,0.84,3.45
2025-12-11,0.78,3.41
2025-12-12,0.78,3.4
2025-12-13,0.92,3.74
2025-12-14,0.79,3.41
2025-12-15,0.79,3.42
2025-12-16,0.79,3.42
2025-12-17,0.79,3.42
2025-12-18,0.8,3.46
2025-12-19,0.79,3.44
2025-12-20,0.79,
2025-12-21,0.8,
2025-12-22,0.79,3.44
2025-12-23,0.79,3.42
2025-12-24,0.79,3.42
2025-12-25,0.79,3.41
2025-12-26,0.79,3.44
2025-12-27,0.8,3.43
2025-12-28,0.79,3.49
2025-12-29,0.78,3.44
2025-12-30,0.81,3.43
2025-12-31,0.79,3.42
