Date,Upstream Mean Discharge (cfs),Downstream Mean Discharge (cfs)
2016-01-01,137.0,146.0
2016-01-02,134.0,147.0
2016-01-03,136.0,146.0
2016-01-04,135.0,144.0
2016-01-05,134.0,145.0
2016-01-06,136.0,147.0
2016-01-07,136.0,150.0
2016-01-08,137.0,149.0
2016-01-09,136.0,149.0
2016-01-10,135.0,146.0
2016-01-11,137.0,146.0
2016-01-12,135.0,144.0
2016-01-13,134.0,144.0
2016-01-14,134.0,146.0
2016-01-15,136.0,147.0
2016-01-16,136.0,147.0
2016-01-17,137.0,148.0
2016-01-18,138.0,149.0
2016-01-19,136.0,149.0
2016-01-20,136.0,151.0
2016-01-21,136.0,147.0
2016-01-22,136.0,147.0
2016-01-23,135.0,148.0
2016-01-24,131.0,149.0
2016-01-25,131.0,149.0
2016-01-26,130.0,147.0
2016-01-27,131.0,146.0
2016-01-28,130.0,146.0
2016-01-29,131.0,147.0
2016-01-30,135.0,163.0
2016-01-31,131.0,153.0
2016-02-01,133.0,150.0
2016-02-02,131.0,149.0
2016-02-03,133.0,152.0
2016-02-04,134.0,151.0
2016-02-05,134.0,153.0
2016-02-06,134.0,149.0
2016-02-07,134.0,150.0
2016-02-08,134.0,149.0
2016-02-09,134.0,149.0
2016-02-10,134.0,148.0
2016-02-11,135.0,147.0
2016-02-12,137.0,148.0
2016-02-13,141.0,151.0
2016-02-14,138.0,150.0
2016-02-15,136.0,157.0
2016-02-16,133.0,157.0
2016-02-17,131.0,158.0
2016-02-18,133.0,189.0
2016-02-19,136.0,193.0
2016-02-20,136.0,194.0
2016-02-21,134.0,191.0
2016-02-22,133.0,178.0
2016-02-23,132.0,166.0
2016-02-24,134.0,161.0
2016-02-25,134.0,162.0
2016-02-26,137.0,168.0
2016-02-27,138.0,183.0
2016-02-28,140.0,194.0
2016-02-29,144.0,192.0
2016-03-01,138.0,184.0
2016-03-02,134.0,177.0
2016-03-03,135.0,171.0
2016-03-04,140.0,173.0
2016-03-05,138.0,172.0
2016-03-06,137.0,173.0
2016-03-07,137.0,173.0
2016-03-08,134.0,163.0
2016-03-09,134.0,162.0
2016-03-10,134.0,158.0
2016-03-11,135.0,159.0
2016-03-12,139.0,161.0
2016-03-13,136.0,158.0
2016-03-14,133.0,156.0
2016-03-15,131.0,155.0
2016-03-16,131.0,155.0
2016-03-17,132.0,154.0
2016-03-18,136.0,153.0
2016-03-19,137.0,154.0
2016-03-20,140.0,153.0
2016-03-21,137.0,152.0
2016-03-22,132.0,151.0
2016-03-23,130.0,148.0
2016-03-24,130.0,147.0
2016-03-25,130.0,146.0
2016-03-26,130.0,145.0
2016-03-27,130.0,145.0
2016-03-28,130.0,147.0
2016-03-29,132.0,154.0
2016-03-30,131.0,149.0
2016-03-31,133.0,149.0
2016-04-01,130.0,146.0
2016-04-02,131.0,147.0
2016-04-03,132.0,146.0
2016-04-04,132.0,145.0
2016-04-05,130.0,143.0
2016-04-06,130.0,142.0
2016-04-07,130.0,142.0
2016-04-08,130.0,143.0
2016-04-09,130.0,144.0
2016-04-10,130.0,143.0
2016-04-11,130.0,142.0
2016-04-12,128.0,140.0
2016-04-13,127.0,140.0
2016-04-14,129.0,143.0
2016-04-15,164.0,163.0
2016-04-16,194.0,194.0
2016-04-17,195.0,195.0
2016-04-18,196.0,196.0
2016-04-19,193.0,194.0
2016-04-20,169.0,177.0
2016-04-21,154.0,163.0
2016-04-22,142.0,155.0
2016-04-23,143.0,158.0
2016-04-24,146.0,159.0
2016-04-25,147.0,163.0
2016-04-26,148.0,171.0
2016-04-27,153.0,211.0
2016-04-28,152.0,192.0
2016-04-29,151.0,191.0
2016-04-30,151.0,182.0
2016-05-01,151.0,179.0
2016-05-02,217.0,216.0
2016-05-03,262.0,265.0
2016-05-04,253.0,259.0
2016-05-05,246.0,254.0
2016-05-06,245.0,254.0
2016-05-07,251.0,257.0
2016-05-08,253.0,260.0
2016-05-09,260.0,278.0
2016-05-10,255.0,272.0
2016-05-11,257.0,266.0
2016-05-12,258.0,262.0
2016-05-13,250.0,261.0
2016-05-14,245.0,259.0
2016-05-15,251.0,273.0
2016-05-16,255.0,285.0
2016-05-17,241.0,278.0
2016-05-18,237.0,273.0
2016-05-19,229.0,268.0
2016-05-20,233.0,285.0
2016-05-21,241.0,305.0
2016-05-22,240.0,288.0
2016-05-23,239.0,282.0
2016-05-24,223.0,266.0
2016-05-25,224.0,260.0
2016-05-26,216.0,256.0
2016-05-27,220.0,261.0
2016-05-28,211.0,252.0
2016-05-29,200.0,232.0
2016-05-30,204.0,236.0
2016-05-31,190.0,224.0
2016-06-01,183.0,221.0
2016-06-02,170.0,208.0
2016-06-03,179.0,212.0
2016-06-04,181.0,212.0
2016-06-05,177.0,211.0
2016-06-06,174.0,212.0
2016-06-07,169.0,204.0
2016-06-08,172.0,207.0
2016-06-09,164.0,199.0
2016-06-10,160.0,191.0
2016-06-11,165.0,187.0
2016-06-12,174.0,194.0
2016-06-13,171.0,202.0
2016-06-14,172.0,211.0
2016-06-15,169.0,206.0
2016-06-16,160.0,200.0
2016-06-17,157.0,194.0
2016-06-18,157.0,188.0
2016-06-19,155.0,184.0
2016-06-20,313.0,278.0
2016-06-21,781.0,679.0
2016-06-22,1180.0,1230.0
2016-06-23,1170.0,1260.0
2016-06-24,846.0,996.0
2016-06-25,324.0,408.0
2016-06-26,143.0,176.0
2016-06-27,148.0,173.0
2016-06-28,141.0,168.0
2016-06-29,143.0,171.0
2016-06-30,151.0,189.0
2016-07-01,146.0,184.0
2016-07-02,143.0,177.0
2016-07-03,149.0,182.0
2016-07-04,143.0,186.0
2016-07-05,136.0,180.0
2016-07-06,137.0,180.0
2016-07-07,137.0,179.0
2016-07-08,131.0,175.0
2016-07-09,124.0,166.0
2016-07-10,130.0,168.0
2016-07-11,130.0,164.0
2016-07-12,126.0,161.0
2016-07-13,155.0,184.0
2016-07-14,136.0,186.0
2016-07-15,225.0,233.0
2016-07-16,305.0,317.0
2016-07-17,320.0,331.0
2016-07-18,314.0,335.0
2016-07-19,312.0,332.0
2016-07-20,314.0,333.0
2016-07-21,314.0,332.0
2016-07-22,313.0,326.0
2016-07-23,318.0,325.0
2016-07-24,323.0,330.0
2016-07-25,320.0,336.0
2016-07-26,313.0,331.0
2016-07-27,317.0,337.0
2016-07-28,313.0,331.0
2016-07-29,317.0,329.0
2016-07-30,325.0,332.0
2016-07-31,323.0,326.0
2016-08-01,320.0,334.0
2016-08-02,321.0,337.0
2016-08-03,325.0,347.0
2016-08-04,322.0,346.0
2016-08-05,319.0,343.0
2016-08-06,325.0,345.0
2016-08-07,331.0,350.0
2016-08-08,335.0,359.0
2016-08-09,327.0,348.0
2016-08-10,331.0,347.0
2016-08-11,343.0,357.0
2016-08-12,342.0,360.0
2016-08-13,342.0,353.0
2016-08-14,347.0,356.0
2016-08-15,352.0,372.0
2016-08-16,343.0,361.0
2016-08-17,452.0,456.0
2016-08-18,530.0,567.0
2016-08-19,532.0,566.0
2016-08-20,531.0,556.0
2016-08-21,528.0,555.0
2016-08-22,528.0,565.0
2016-08-23,529.0,565.0
2016-08-24,530.0,565.0
2016-08-25,535.0,572.0
2016-08-26,541.0,576.0
2016-08-27,550.0,576.0
2016-08-28,552.0,589.0
2016-08-29,551.0,595.0
2016-08-30,545.0,587.0
2016-08-31,559.0,607.0
2016-09-01,564.0,609.0
2016-09-02,566.0,616.0
2016-09-03,569.0,617.0
2016-09-04,573.0,621.0
2016-09-05,571.0,618.0
2016-09-06,572.0,619.0
2016-09-07,573.0,622.0
2016-09-08,573.0,621.0
2016-09-09,576.0,621.0
2016-09-10,579.0,618.0
2016-09-11,589.0,625.0
2016-09-12,575.0,616.0
2016-09-13,584.0,623.0
2016-09-14,593.0,652.0
2016-09-15,504.0,562.0
2016-09-16,438.0,456.0
2016-09-17,437.0,456.0
2016-09-18,428.0,444.0
2016-09-19,435.0,449.0
2016-09-20,422.0,438.0
2016-09-21,426.0,441.0
2016-09-22,443.0,461.0
2016-09-23,452.0,495.0
2016-09-24,456.0,485.0
2016-09-25,459.0,486.0
2016-09-26,457.0,483.0
2016-09-27,451.0,481.0
2016-09-28,445.0,470.0
2016-09-29,445.0,465.0
2016-09-30,444.0,461.0
2016-10-01,457.0,474.0
2016-10-02,461.0,483.0
2016-10-03,384.0,429.0
2016-10-04,326.0,345.0
2016-10-05,326.0,341.0
2016-10-06,338.0,349.0
2016-10-07,341.0,353.0
2016-10-08,341.0,351.0
2016-10-09,341.0,347.0
2016-10-10,341.0,345.0
2016-10-11,342.0,347.0
2016-10-12,345.0,347.0
2016-10-13,346.0,348.0
2016-10-14,218.0,267.0
2016-10-15,134.0,172.0
2016-10-16,133.0,167.0
2016-10-17,132.0,166.0
2016-10-18,130.0,165.0
2016-10-19,130.0,165.0
2016-10-20,130.0,163.0
2016-10-21,130.0,163.0
2016-10-22,130.0,163.0
2016-10-23,133.0,163.0
2016-10-24,134.0,166.0
2016-10-25,134.0,163.0
2016-10-26,134.0,164.0
2016-10-27,134.0,170.0
2016-10-28,135.0,163.0
2016-10-29,134.0,164.0
2016-10-30,134.0,164.0
2016-10-31,137.0,174.0
2016-11-01,137.0,168.0
2016-11-02,135.0,165.0
2016-11-03,134.0,164.0
2016-11-04,134.0,163.0
2016-11-05,134.0,163.0
2016-11-06,134.0,163.0
2016-11-07,131.0,161.0
2016-11-08,130.0,161.0
2016-11-09,131.0,161.0
2016-11-10,133.0,161.0
2016-11-11,134.0,160.0
2016-11-12,134.0,161.0
2016-11-13,134.0,161.0
2016-11-14,134.0,160.0
2016-11-15,134.0,160.0
2016-11-16,134.0,160.0
2016-11-17,134.0,159.0
2016-11-18,134.0,157.0
2016-11-19,134.0,157.0
2016-11-20,134.0,159.0
2016-11-21,137.0,168.0
2016-11-22,134.0,166.0
2016-11-23,134.0,161.0
2016-11-24,134.0,161.0
2016-11-25,134.0,161.0
2016-11-26,134.0,160.0
2016-11-27,137.0,163.0
2016-11-28,137.0,164.0
2016-11-29,139.0,161.0
2016-11-30,139.0,158.0
2016-12-01,137.0,158.0
2016-12-02,137.0,157.0
2016-12-03,137.0,156.0
2016-12-04,138.0,155.0
2016-12-05,138.0,156.0
2016-12-06,138.0,154.0
2016-12-07,139.0,154.0
2016-12-08,139.0,153.0
2016-12-09,140.0,157.0
2016-12-10,143.0,173.0
2016-12-11,144.0,188.0
2016-12-12,142.0,169.0
2016-12-13,141.0,161.0
2016-12-14,142.0,161.0
2016-12-15,142.0,165.0
2016-12-16,152.0,319.0
2016-12-17,146.0,206.0
2016-12-18,143.0,172.0
2016-12-19,143.0,165.0
2016-12-20,143.0,164.0
2016-12-21,144.0,163.0
2016-12-22,144.0,162.0
2016-12-23,144.0,161.0
2016-12-24,144.0,162.0
2016-12-25,144.0,165.0
2016-12-26,144.0,158.0
2016-12-27,144.0,156.0
2016-12-28,144.0,160.0
2016-12-29,143.0,157.0
2016-12-30,143.0,157.0
2016-12-31,144.0,157.0
2017-01-01,144.0,156.0
2017-01-02,144.0,160.0
2017-01-03,144.0,158.0
2017-01-04,144.0,163.0
2017-01-05,144.0,158.0
2017-01-06,143.0,153.0
2017-01-07,141.0,159.0
2017-01-08,144.0,163.0
2017-01-09,150.0,249.0
2017-01-10,148.0,230.0
2017-01-11,147.0,209.0
2017-01-12,145.0,194.0
2017-01-13,144.0,182.0
2017-01-14,144.0,176.0
2017-01-15,144.0,171.0
2017-01-16,144.0,169.0
2017-01-17,144.0,165.0
2017-01-18,143.0,166.0
2017-01-19,144.0,168.0
2017-01-20,144.0,169.0
2017-01-21,144.0,172.0
2017-01-22,144.0,170.0
2017-01-23,147.0,176.0
2017-01-24,145.0,171.0
2017-01-25,145.0,171.0
2017-01-26,145.0,170.0
2017-01-27,144.0,165.0
2017-01-28,144.0,166.0
2017-01-29,144.0,167.0
2017-01-30,146.0,167.0
2017-01-31,147.0,167.0
2017-02-01,147.0,170.0
2017-02-02,148.0,171.0
2017-02-03,147.0,173.0
2017-02-04,149.0,185.0
2017-02-05,148.0,187.0
2017-02-06,150.0,189.0
2017-02-07,157.0,255.0
2017-02-08,157.0,287.0
2017-02-09,157.0,283.0
2017-02-10,168.0,404.0
2017-02-11,181.0,471.0
2017-02-12,166.0,270.0
2017-02-13,159.0,224.0
2017-02-14,156.0,212.0
2017-02-15,155.0,207.0
2017-02-16,155.0,207.0
2017-02-17,156.0,207.0
2017-02-18,156.0,208.0
2017-02-19,159.0,216.0
2017-02-20,160.0,217.0
2017-02-21,171.0,236.0
2017-02-22,171.0,260.0
2017-02-23,161.0,229.0
2017-02-24,158.0,212.0
2017-02-25,156.0,203.0
2017-02-26,155.0,199.0
2017-02-27,156.0,203.0
2017-02-28,155.0,197.0
2017-03-01,153.0,196.0
2017-03-02,154.0,193.0
2017-03-03,154.0,193.0
2017-03-04,155.0,199.0
2017-03-05,156.0,215.0
2017-03-06,155.0,221.0
2017-03-07,155.0,211.0
2017-03-08,155.0,218.0
2017-03-09,153.0,207.0
2017-03-10,151.0,202.0
2017-03-11,153.0,209.0
2017-03-12,154.0,213.0
2017-03-13,151.0,207.0
2017-03-14,152.0,208.0
2017-03-15,152.0,210.0
2017-03-16,153.0,213.0
2017-03-17,154.0,212.0
2017-03-18,154.0,216.0
2017-03-19,156.0,222.0
2017-03-20,153.0,225.0
2017-03-21,153.0,226.0
2017-03-22,156.0,236.0
2017-03-23,153.0,246.0
2017-03-24,152.0,224.0
2017-03-25,156.0,223.0
2017-03-26,153.0,216.0
2017-03-27,155.0,223.0
2017-03-28,153.0,221.0
2017-03-29,153.0,210.0
2017-03-30,155.0,220.0
2017-03-31,157.0,275.0
2017-04-01,155.0,239.0
2017-04-02,158.0,233.0
2017-04-03,155.0,221.0
2017-04-04,150.0,210.0
2017-04-05,152.0,208.0
2017-04-06,151.0,203.0
2017-04-07,151.0,204.0
2017-04-08,151.0,211.0
2017-04-09,150.0,210.0
2017-04-10,148.0,202.0
2017-04-11,148.0,195.0
2017-04-12,149.0,188.0
2017-04-13,148.0,189.0
2017-04-14,151.0,203.0
2017-04-15,146.0,200.0
2017-04-16,150.0,205.0
2017-04-17,154.0,209.0
2017-04-18,149.0,202.0
2017-04-19,177.0,233.0
2017-04-20,197.0,251.0
2017-04-21,192.0,245.0
2017-04-22,193.0,240.0
2017-04-23,201.0,251.0
2017-04-24,183.0,241.0
2017-04-25,184.0,252.0
2017-04-26,160.0,231.0
2017-04-27,157.0,238.0
2017-04-28,153.0,228.0
2017-04-29,152.0,224.0
2017-04-30,155.0,229.0
2017-05-01,153.0,226.0
2017-05-02,150.0,216.0
2017-05-03,146.0,212.0
2017-05-04,140.0,207.0
2017-05-05,403.0,381.0
2017-05-06,609.0,609.0
2017-05-07,611.0,629.0
2017-05-08,601.0,649.0
2017-05-09,711.0,746.0
2017-05-10,854.0,1010.0
2017-05-11,843.0,1010.0
2017-05-12,833.0,997.0
2017-05-13,950.0,1130.0
2017-05-14,1060.0,1210.0
2017-05-15,1040.0,1210.0
2017-05-16,1040.0,1200.0
2017-05-17,1040.0,1180.0
2017-05-18,1040.0,1150.0
2017-05-19,1050.0,1140.0
2017-05-20,1050.0,1130.0
2017-05-21,1050.0,1120.0
2017-05-22,951.0,1030.0
2017-05-23,907.0,978.0
2017-05-24,907.0,991.0
2017-05-25,905.0,1010.0
2017-05-26,981.0,1040.0
2017-05-27,1050.0,1110.0
2017-05-28,1050.0,1130.0
2017-05-29,1050.0,1140.0
2017-05-30,903.0,999.0
2017-05-31,836.0,879.0
2017-06-01,845.0,920.0
2017-06-02,843.0,934.0
2017-06-03,851.0,929.0
2017-06-04,849.0,923.0
2017-06-05,1260.0,1430.0
2017-06-06,1550.0,2050.0
2017-06-07,1540.0,2020.0
2017-06-08,1540.0,1970.0
2017-06-09,1530.0,1930.0
2017-06-10,1520.0,1900.0
2017-06-11,1530.0,1890.0
2017-06-12,1510.0,1820.0
2017-06-13,1450.0,1750.0
2017-06-14,1370.0,1620.0
2017-06-15,1300.0,1520.0
2017-06-16,1270.0,1430.0
2017-06-17,1270.0,1400.0
2017-06-18,1280.0,1410.0
2017-06-19,1270.0,1390.0
2017-06-20,1260.0,1370.0
2017-06-21,1260.0,1370.0
2017-06-22,1260.0,1360.0
2017-06-23,1230.0,1300.0
2017-06-24,1190.0,1230.0
2017-06-25,1090.0,1130.0
2017-06-26,979.0,995.0
2017-06-27,887.0,861.0
2017-06-28,779.0,731.0
2017-06-29,680.0,640.0
2017-06-30,541.0,532.0
2017-07-01,474.0,456.0
2017-07-02,479.0,459.0
2017-07-03,463.0,455.0
2017-07-04,449.0,444.0
2017-07-05,450.0,452.0
2017-07-06,447.0,452.0
2017-07-07,448.0,443.0
2017-07-08,451.0,441.0
2017-07-09,448.0,449.0
2017-07-10,437.0,450.0
2017-07-11,445.0,457.0
2017-07-12,450.0,468.0
2017-07-13,451.0,473.0
2017-07-14,392.0,430.0
2017-07-15,365.0,386.0
2017-07-16,355.0,376.0
2017-07-17,358.0,381.0
2017-07-18,348.0,379.0
2017-07-19,348.0,382.0
2017-07-20,356.0,386.0
2017-07-21,359.0,378.0
2017-07-22,375.0,387.0
2017-07-23,372.0,387.0
2017-07-24,359.0,381.0
2017-07-25,363.0,385.0
2017-07-26,372.0,392.0
2017-07-27,370.0,389.0
2017-07-28,372.0,388.0
2017-07-29,382.0,399.0
2017-07-30,381.0,395.0
2017-07-31,364.0,377.0
2017-08-01,290.0,330.0
2017-08-02,248.0,283.0
2017-08-03,247.0,282.0
2017-08-04,244.0,281.0
2017-08-05,256.0,290.0
2017-08-06,259.0,295.0
2017-08-07,248.0,293.0
2017-08-08,249.0,290.0
2017-08-09,253.0,295.0
2017-08-10,265.0,303.0
2017-08-11,267.0,311.0
2017-08-12,275.0,310.0
2017-08-13,288.0,327.0
2017-08-14,212.0,267.0
2017-08-15,164.0,209.0
2017-08-16,167.0,211.0
2017-08-17,166.0,210.0
2017-08-18,163.0,205.0
2017-08-19,161.0,205.0
2017-08-20,168.0,209.0
2017-08-21,156.0,203.0
2017-08-22,158.0,212.0
2017-08-23,164.0,210.0
2017-08-24,158.0,205.0
2017-08-25,158.0,205.0
2017-08-26,162.0,213.0
2017-08-27,159.0,210.0
2017-08-28,153.0,204.0
2017-08-29,153.0,201.0
2017-08-30,152.0,196.0
2017-08-31,157.0,202.0
2017-09-01,159.0,206.0
2017-09-02,166.0,212.0
2017-09-03,168.0,213.0
2017-09-04,158.0,205.0
2017-09-05,158.0,204.0
2017-09-06,155.0,204.0
2017-09-07,160.0,207.0
2017-09-08,161.0,200.0
2017-09-09,166.0,210.0
2017-09-10,173.0,220.0
2017-09-11,168.0,216.0
2017-09-12,169.0,219.0
2017-09-13,178.0,229.0
2017-09-14,186.0,233.0
2017-09-15,202.0,268.0
2017-09-16,217.0,272.0
2017-09-17,223.0,275.0
2017-09-18,189.0,249.0
2017-09-19,165.0,219.0
2017-09-20,171.0,225.0
2017-09-21,174.0,223.0
2017-09-22,183.0,237.0
2017-09-23,182.0,233.0
2017-09-24,191.0,270.0
2017-09-25,190.0,266.0
2017-09-26,190.0,247.0
2017-09-27,190.0,241.0
2017-09-28,188.0,241.0
2017-09-29,202.0,249.0
2017-09-30,228.0,265.0
2017-10-01,229.0,261.0
2017-10-02,182.0,216.0
2017-10-03,151.0,169.0
2017-10-04,151.0,166.0
2017-10-05,152.0,166.0
2017-10-06,152.0,166.0
2017-10-07,152.0,165.0
2017-10-08,152.0,165.0
2017-10-09,152.0,165.0
2017-10-10,153.0,164.0
2017-10-11,151.0,167.0
2017-10-12,151.0,169.0
2017-10-13,151.0,165.0
2017-10-14,152.0,163.0
2017-10-15,152.0,162.0
2017-10-16,155.0,161.0
2017-10-17,155.0,161.0
2017-10-18,156.0,160.0
2017-10-19,156.0,161.0
2017-10-20,157.0,160.0
2017-10-21,160.0,161.0
2017-10-22,161.0,160.0
2017-10-23,163.0,159.0
2017-10-24,156.0,155.0
2017-10-25,152.0,155.0
2017-10-26,153.0,155.0
2017-10-27,155.0,156.0
2017-10-28,155.0,156.0
2017-10-29,155.0,155.0
2017-10-30,156.0,154.0
2017-10-31,153.0,152.0
2017-11-01,152.0,154.0
2017-11-02,152.0,155.0
2017-11-03,152.0,154.0
2017-11-04,153.0,155.0
2017-11-05,155.0,157.0
2017-11-06,155.0,156.0
2017-11-07,155.0,154.0
2017-11-08,155.0,153.0
2017-11-09,156.0,153.0
2017-11-10,156.0,156.0
2017-11-11,155.0,158.0
2017-11-12,155.0,158.0
2017-11-13,155.0,160.0
2017-11-14,155.0,159.0
2017-11-15,155.0,156.0
2017-11-16,156.0,160.0
2017-11-17,162.0,197.0
2017-11-18,159.0,171.0
2017-11-19,156.0,161.0
2017-11-20,155.0,160.0
2017-11-21,155.0,162.0
2017-11-22,155.0,162.0
2017-11-23,155.0,161.0
2017-11-24,155.0,163.0
2017-11-25,155.0,161.0
2017-11-26,155.0,160.0
2017-11-27,156.0,161.0
2017-11-28,155.0,158.0
2017-11-29,153.0,156.0
2017-11-30,152.0,153.0
2017-12-01,152.0,153.0
2017-12-02,151.0,153.0
2017-12-03,152.0,155.0
2017-12-04,151.0,153.0
2017-12-05,151.0,150.0
2017-12-06,152.0,150.0
2017-12-07,152.0,150.0
2017-12-08,151.0,150.0
2017-12-09,151.0,149.0
2017-12-10,151.0,148.0
2017-12-11,151.0,148.0
2017-12-12,151.0,149.0
2017-12-13,151.0,149.0
2017-12-14,151.0,150.0
2017-12-15,151.0,149.0
2017-12-16,151.0,149.0
2017-12-17,151.0,149.0
2017-12-18,151.0,148.0
2017-12-19,151.0,148.0
2017-12-20,151.0,151.0
2017-12-21,152.0,149.0
2017-12-22,151.0,147.0
2017-12-23,151.0,151.0
2017-12-24,151.0,149.0
2017-12-25,152.0,152.0
2017-12-26,151.0,149.0
2017-12-27,151.0,148.0
2017-12-28,151.0,149.0
2017-12-29,151.0,149.0
2017-12-30,151.0,150.0
2017-12-31,151.0,150.0
2018-01-01,151.0,149.0
2018-01-02,151.0,147.0
2018-01-03,151.0,149.0
2018-01-04,151.0,148.0
2018-01-05,151.0,144.0
2018-01-06,151.0,139.0
2018-01-07,151.0,143.0
2018-01-08,151.0,145.0
2018-01-09,142.0,165.0
2018-01-10,141.0,212.0
2018-01-11,138.0,166.0
2018-01-12,136.0,161.0
2018-01-13,136.0,159.0
2018-01-14,140.0,161.0
2018-01-15,137.0,157.0
2018-01-16,135.0,154.0
2018-01-17,136.0,155.0
2018-01-18,136.0,155.0
2018-01-19,139.0,160.0
2018-01-20,136.0,158.0
2018-01-21,138.0,156.0
2018-01-22,137.0,156.0
2018-01-23,137.0,156.0
2018-01-24,136.0,153.0
2018-01-25,136.0,154.0
2018-01-26,137.0,155.0
2018-01-27,135.0,153.0
2018-01-28,135.0,153.0
2018-01-29,135.0,152.0
2018-01-30,136.0,154.0
2018-01-31,136.0,157.0
2018-02-01,135.0,158.0
2018-02-02,135.0,157.0
2018-02-03,136.0,158.0
2018-02-04,138.0,159.0
2018-02-05,138.0,159.0
2018-02-06,138.0,157.0
2018-02-07,137.0,154.0
2018-02-08,137.0,157.0
2018-02-09,138.0,159.0
2018-02-10,135.0,154.0
2018-02-11,137.0,153.0
2018-02-12,134.0,152.0
2018-02-13,139.0,153.0
2018-02-14,138.0,157.0
2018-02-15,139.0,157.0
2018-02-16,135.0,150.0
2018-02-17,136.0,152.0
2018-02-18,138.0,156.0
2018-02-19,135.0,153.0
2018-02-20,137.0,151.0
2018-02-21,135.0,152.0
2018-02-22,135.0,150.0
2018-02-23,137.0,152.0
2018-02-24,135.0,149.0
2018-02-25,135.0,151.0
2018-02-26,134.0,150.0
2018-02-27,134.0,150.0
2018-02-28,135.0,152.0
2018-03-01,135.0,153.0
2018-03-02,136.0,157.0
2018-03-03,135.0,157.0
2018-03-04,140.0,164.0
2018-03-05,138.0,160.0
2018-03-06,136.0,154.0
2018-03-07,137.0,155.0
2018-03-08,138.0,156.0
2018-03-09,137.0,155.0
2018-03-10,138.0,157.0
2018-03-11,139.0,157.0
2018-03-12,139.0,156.0
2018-03-13,140.0,156.0
2018-03-14,140.0,159.0
2018-03-15,139.0,164.0
2018-03-16,141.0,160.0
2018-03-17,139.0,159.0
2018-03-18,141.0,155.0
2018-03-19,139.0,151.0
2018-03-20,141.0,154.0
2018-03-21,141.0,156.0
2018-03-22,144.0,170.0
2018-03-23,143.0,177.0
2018-03-24,140.0,163.0
2018-03-25,137.0,157.0
2018-03-26,136.0,152.0
2018-03-27,136.0,149.0
2018-03-28,136.0,148.0
2018-03-29,136.0,148.0
2018-03-30,136.0,149.0
2018-03-31,135.0,151.0
2018-04-01,135.0,152.0
2018-04-02,136.0,149.0
2018-04-03,135.0,146.0
2018-04-04,135.0,147.0
2018-04-05,136.0,149.0
2018-04-06,136.0,154.0
2018-04-07,139.0,167.0
2018-04-08,140.0,165.0
2018-04-09,139.0,158.0
2018-04-10,137.0,156.0
2018-04-11,136.0,159.0
2018-04-12,134.0,157.0
2018-04-13,133.0,150.0
2018-04-14,132.0,150.0
2018-04-15,133.0,152.0
2018-04-16,134.0,154.0
2018-04-17,133.0,149.0
2018-04-18,130.0,147.0
2018-04-19,130.0,148.0
2018-04-20,134.0,153.0
2018-04-21,136.0,150.0
2018-04-22,136.0,149.0
2018-04-23,157.0,171.0
2018-04-24,156.0,177.0
2018-04-25,154.0,182.0
2018-04-26,155.0,184.0
2018-04-27,156.0,183.0
2018-04-28,158.0,188.0
2018-04-29,150.0,176.0
2018-04-30,154.0,183.0
2018-05-01,226.0,233.0
2018-05-02,265.0,296.0
2018-05-03,257.0,293.0
2018-05-04,249.0,287.0
2018-05-05,244.0,285.0
2018-05-06,241.0,284.0
2018-05-07,231.0,273.0
2018-05-08,214.0,255.0
2018-05-09,195.0,237.0
2018-05-10,190.0,235.0
2018-05-11,204.0,262.0
2018-05-12,231.0,274.0
2018-05-13,233.0,272.0
2018-05-14,227.0,262.0
2018-05-15,233.0,270.0
2018-05-16,218.0,256.0
2018-05-17,204.0,243.0
2018-05-18,213.0,248.0
2018-05-19,216.0,252.0
2018-05-20,201.0,242.0
2018-05-21,205.0,244.0
2018-05-22,198.0,236.0
2018-05-23,200.0,241.0
2018-05-24,196.0,235.0
2018-05-25,186.0,219.0
2018-05-26,175.0,200.0
2018-05-27,176.0,203.0
2018-05-28,176.0,209.0
2018-05-29,348.0,345.0
2018-05-30,490.0,538.0
2018-05-31,493.0,541.0
2018-06-01,496.0,539.0
2018-06-02,489.0,529.0
2018-06-03,510.0,550.0
2018-06-04,496.0,544.0
2018-06-05,506.0,545.0
2018-06-06,502.0,542.0
2018-06-07,502.0,540.0
2018-06-08,496.0,530.0
2018-06-09,502.0,529.0
2018-06-10,506.0,531.0
2018-06-11,505.0,525.0
2018-06-12,499.0,520.0
2018-06-13,495.0,517.0
2018-06-14,505.0,530.0
2018-06-15,485.0,514.0
2018-06-16,495.0,514.0
2018-06-17,509.0,526.0
2018-06-18,509.0,536.0
2018-06-19,511.0,539.0
2018-06-20,505.0,533.0
2018-06-21,499.0,527.0
2018-06-22,482.0,518.0
2018-06-23,479.0,495.0
2018-06-24,493.0,516.0
2018-06-25,498.0,530.0
2018-06-26,493.0,524.0
2018-06-27,483.0,521.0
2018-06-28,478.0,517.0
2018-06-29,473.0,513.0
2018-06-30,483.0,517.0
2018-07-01,482.0,508.0
2018-07-02,478.0,509.0
2018-07-03,477.0,511.0
2018-07-04,469.0,512.0
2018-07-05,376.0,437.0
2018-07-06,325.0,369.0
2018-07-07,327.0,369.0
2018-07-08,334.0,370.0
2018-07-09,331.0,366.0
2018-07-10,331.0,365.0
2018-07-11,339.0,374.0
2018-07-12,349.0,392.0
2018-07-13,346.0,383.0
2018-07-14,361.0,388.0
2018-07-15,367.0,391.0
2018-07-16,352.0,384.0
2018-07-17,367.0,396.0
2018-07-18,371.0,400.0
2018-07-19,370.0,398.0
2018-07-20,370.0,397.0
2018-07-21,369.0,389.0
2018-07-22,372.0,395.0
2018-07-23,368.0,395.0
2018-07-24,367.0,393.0
2018-07-25,358.0,386.0
2018-07-26,368.0,390.0
2018-07-27,379.0,398.0
2018-07-28,384.0,399.0
2018-07-29,379.0,398.0
2018-07-30,365.0,390.0
2018-07-31,378.0,393.0
2018-08-01,381.0,395.0
2018-08-02,384.0,400.0
2018-08-03,396.0,414.0
2018-08-04,392.0,409.0
2018-08-05,398.0,414.0
2018-08-06,397.0,410.0
2018-08-07,393.0,408.0
2018-08-08,390.0,407.0
2018-08-09,387.0,408.0
2018-08-10,389.0,407.0
2018-08-11,392.0,409.0
2018-08-12,389.0,411.0
2018-08-13,382.0,408.0
2018-08-14,360.0,392.0
2018-08-15,372.0,395.0
2018-08-16,367.0,400.0
2018-08-17,393.0,422.0
2018-08-18,400.0,429.0
2018-08-19,407.0,427.0
2018-08-20,396.0,417.0
2018-08-21,410.0,431.0
2018-08-22,420.0,446.0
2018-08-23,434.0,459.0
2018-08-24,442.0,457.0
2018-08-25,437.0,453.0
2018-08-26,419.0,441.0
2018-08-27,404.0,424.0
2018-08-28,402.0,422.0
2018-08-29,406.0,428.0
2018-08-30,409.0,429.0
2018-08-31,412.0,430.0
2018-09-01,322.0,359.0
2018-09-02,258.0,282.0
2018-09-03,253.0,276.0
2018-09-04,249.0,274.0
2018-09-05,249.0,281.0
2018-09-06,250.0,281.0
2018-09-07,259.0,289.0
2018-09-08,254.0,285.0
2018-09-09,257.0,285.0
2018-09-10,248.0,277.0
2018-09-11,258.0,285.0
2018-09-12,264.0,291.0
2018-09-13,260.0,292.0
2018-09-14,264.0,291.0
2018-09-15,264.0,288.0
2018-09-16,273.0,296.0
2018-09-17,268.0,298.0
2018-09-18,271.0,296.0
2018-09-19,275.0,295.0
2018-09-20,269.0,291.0
2018-09-21,275.0,294.0
2018-09-22,272.0,297.0
2018-09-23,276.0,298.0
2018-09-24,305.0,319.0
2018-09-25,322.0,337.0
2018-09-26,323.0,334.0
2018-09-27,324.0,337.0
2018-09-28,326.0,339.0
2018-09-29,332.0,341.0
2018-09-30,332.0,349.0
2018-10-01,335.0,354.0
2018-10-02,333.0,359.0
2018-10-03,329.0,361.0
2018-10-04,334.0,377.0
2018-10-05,338.0,384.0
2018-10-06,334.0,366.0
2018-10-07,337.0,370.0
2018-10-08,335.0,368.0
2018-10-09,338.0,366.0
2018-10-10,344.0,384.0
2018-10-11,340.0,370.0
2018-10-12,338.0,367.0
2018-10-13,338.0,367.0
2018-10-14,339.0,367.0
2018-10-15,219.0,273.0
2018-10-16,140.0,165.0
2018-10-17,140.0,163.0
2018-10-18,139.0,162.0
2018-10-19,140.0,163.0
2018-10-20,140.0,163.0
2018-10-21,140.0,164.0
2018-10-22,139.0,166.0
2018-10-23,136.0,165.0
2018-10-24,136.0,162.0
2018-10-25,136.0,163.0
2018-10-26,136.0,163.0
2018-10-27,139.0,164.0
2018-10-28,139.0,166.0
2018-10-29,136.0,165.0
2018-10-30,136.0,162.0
2018-10-31,134.0,159.0
2018-11-01,132.0,160.0
2018-11-02,134.0,163.0
2018-11-03,136.0,165.0
2018-11-04,135.0,165.0
2018-11-05,134.0,162.0
2018-11-06,135.0,161.0
2018-11-07,136.0,160.0
2018-11-08,136.0,159.0
2018-11-09,138.0,161.0
2018-11-10,141.0,159.0
2018-11-11,143.0,157.0
2018-11-12,139.0,155.0
2018-11-13,137.0,154.0
2018-11-14,136.0,155.0
2018-11-15,136.0,156.0
2018-11-16,136.0,158.0
2018-11-17,136.0,158.0
2018-11-18,136.0,158.0
2018-11-19,136.0,158.0
2018-11-20,140.0,158.0
2018-11-21,140.0,159.0
2018-11-22,140.0,165.0
2018-11-23,141.0,168.0
2018-11-24,144.0,194.0
2018-11-25,143.0,172.0
2018-11-26,143.0,167.0
2018-11-27,141.0,165.0
2018-11-28,140.0,164.0
2018-11-29,142.0,170.0
2018-11-30,142.0,178.0
2018-12-01,141.0,173.0
2018-12-02,143.0,167.0
2018-12-03,144.0,165.0
2018-12-04,144.0,162.0
2018-12-05,144.0,161.0
2018-12-06,142.0,161.0
2018-12-07,141.0,161.0
2018-12-08,143.0,162.0
2018-12-09,140.0,159.0
2018-12-10,140.0,157.0
2018-12-11,140.0,157.0
2018-12-12,140.0,158.0
2018-12-13,140.0,155.0
2018-12-14,140.0,156.0
2018-12-15,140.0,157.0
2018-12-16,140.0,156.0
2018-12-17,142.0,157.0
2018-12-18,140.0,157.0
2018-12-19,141.0,156.0
2018-12-20,143.0,160.0
2018-12-21,141.0,158.0
2018-12-22,143.0,159.0
2018-12-23,143.0,157.0
2018-12-24,136.0,152.0
2018-12-25,138.0,155.0
2018-12-26,138.0,154.0
2018-12-27,140.0,155.0
2018-12-28,137.0,149.0
2018-12-29,136.0,152.0
2018-12-30,132.0,146.0
2018-12-31,132.0,142.0
2019-01-01,132.0,143.0
2019-01-02,132.0,147.0
2019-01-03,135.0,147.0
2019-01-04,140.0,152.0
2019-01-05,140.0,150.0
2019-01-06,140.0,152.0
2019-01-07,139.0,151.0
2019-01-08,139.0,149.0
2019-01-09,145.0,154.0
2019-01-10,140.0,150.0
2019-01-11,140.0,150.0
2019-01-12,140.0,148.0
2019-01-13,140.0,148.0
2019-01-14,140.0,152.0
2019-01-15,140.0,153.0
2019-01-16,140.0,152.0
2019-01-17,144.0,161.0
2019-01-18,143.0,162.0
2019-01-19,143.0,154.0
2019-01-20,144.0,153.0
2019-01-21,144.0,155.0
2019-01-22,140.0,154.0
2019-01-23,140.0,156.0
2019-01-24,140.0,154.0
2019-01-25,140.0,151.0
2019-01-26,140.0,152.0
2019-01-27,140.0,150.0
2019-01-28,140.0,150.0
2019-01-29,137.0,149.0
2019-01-30,136.0,145.0
2019-01-31,133.0,148.0
2019-02-01,135.0,154.0
2019-02-02,136.0,153.0
2019-02-03,137.0,173.0
2019-02-04,136.0,164.0
2019-02-05,136.0,162.0
2019-02-06,136.0,160.0
2019-02-07,136.0,158.0
2019-02-08,134.0,158.0
2019-02-09,135.0,161.0
2019-02-10,135.0,159.0
2019-02-11,133.0,158.0
2019-02-12,133.0,158.0
2019-02-13,135.0,160.0
2019-02-14,136.0,168.0
2019-02-15,137.0,194.0
2019-02-16,136.0,182.0
2019-02-17,136.0,174.0
2019-02-18,136.0,167.0
2019-02-19,136.0,167.0
2019-02-20,136.0,164.0
2019-02-21,136.0,160.0
2019-02-22,136.0,159.0
2019-02-23,134.0,159.0
2019-02-24,133.0,158.0
2019-02-25,135.0,159.0
2019-02-26,136.0,160.0
2019-02-27,136.0,162.0
2019-02-28,136.0,164.0
2019-03-01,136.0,170.0
2019-03-02,136.0,175.0
2019-03-03,136.0,170.0
2019-03-04,136.0,167.0
2019-03-05,136.0,167.0
2019-03-06,139.0,192.0
2019-03-07,142.0,232.0
2019-03-08,142.0,226.0
2019-03-09,140.0,200.0
2019-03-10,139.0,190.0
2019-03-11,137.0,184.0
2019-03-12,137.0,186.0
2019-03-13,138.0,194.0
2019-03-14,136.0,187.0
2019-03-15,136.0,185.0
2019-03-16,136.0,188.0
2019-03-17,137.0,198.0
2019-03-18,139.0,208.0
2019-03-19,139.0,217.0
2019-03-20,140.0,216.0
2019-03-21,138.0,200.0
2019-03-22,139.0,212.0
2019-03-23,140.0,208.0
2019-03-24,143.0,215.0
2019-03-25,140.0,195.0
2019-03-26,140.0,188.0
2019-03-27,140.0,188.0
2019-03-28,140.0,191.0
2019-03-29,140.0,197.0
2019-03-30,138.0,187.0
2019-03-31,136.0,183.0
2019-04-01,136.0,183.0
2019-04-02,136.0,186.0
2019-04-03,136.0,191.0
2019-04-04,136.0,188.0
2019-04-05,136.0,192.0
2019-04-06,136.0,192.0
2019-04-07,136.0,189.0
2019-04-08,136.0,190.0
2019-04-09,137.0,198.0
2019-04-10,137.0,200.0
2019-04-11,136.0,189.0
2019-04-12,136.0,185.0
2019-04-13,136.0,183.0
2019-04-14,136.0,182.0
2019-04-15,135.0,188.0
2019-04-16,133.0,191.0
2019-04-17,132.0,189.0
2019-04-18,133.0,189.0
2019-04-19,132.0,180.0
2019-04-20,132.0,183.0
2019-04-21,134.0,182.0
2019-04-22,135.0,177.0
2019-04-23,180.0,223.0
2019-04-24,212.0,276.0
2019-04-25,213.0,274.0
2019-04-26,213.0,266.0
2019-04-27,213.0,266.0
2019-04-28,213.0,262.0
2019-04-29,213.0,250.0
2019-04-30,195.0,243.0
2019-05-01,211.0,264.0
2019-05-02,239.0,303.0
2019-05-03,243.0,301.0
2019-05-04,243.0,301.0
2019-05-05,247.0,299.0
2019-05-06,257.0,307.0
2019-05-07,264.0,312.0
2019-05-08,273.0,325.0
2019-05-09,260.0,310.0
2019-05-10,248.0,289.0
2019-05-11,238.0,281.0
2019-05-12,233.0,266.0
2019-05-13,228.0,267.0
2019-05-14,217.0,262.0
2019-05-15,222.0,269.0
2019-05-16,231.0,311.0
2019-05-17,251.0,351.0
2019-05-18,252.0,344.0
2019-05-19,254.0,332.0
2019-05-20,248.0,327.0
2019-05-21,248.0,331.0
2019-05-22,307.0,377.0
2019-05-23,340.0,418.0
2019-05-24,430.0,519.0
2019-05-25,481.0,566.0
2019-05-26,482.0,567.0
2019-05-27,484.0,573.0
2019-05-28,482.0,568.0
2019-05-29,645.0,699.0
2019-05-30,761.0,861.0
2019-05-31,816.0,916.0
2019-06-01,855.0,966.0
2019-06-02,852.0,991.0
2019-06-03,850.0,1010.0
2019-06-04,846.0,1000.0
2019-06-05,843.0,1010.0
2019-06-06,845.0,1030.0
2019-06-07,860.0,1070.0
2019-06-08,867.0,1070.0
2019-06-09,865.0,1050.0
2019-06-10,864.0,1050.0
2019-06-11,853.0,1040.0
2019-06-12,850.0,1030.0
2019-06-13,847.0,1030.0
2019-06-14,848.0,1040.0
2019-06-15,850.0,1040.0
2019-06-16,851.0,1040.0
2019-06-17,904.0,1090.0
2019-06-18,939.0,1090.0
2019-06-19,1060.0,1210.0
2019-06-20,1290.0,1440.0
2019-06-21,1550.0,1940.0
2019-06-22,1690.0,2010.0
2019-06-23,1710.0,2020.0
2019-06-24,1490.0,1760.0
2019-06-25,1390.0,1520.0
2019-06-26,1490.0,1620.0
2019-06-27,1550.0,1750.0
2019-06-28,1490.0,1660.0
2019-06-29,1410.0,1550.0
2019-06-30,1350.0,1410.0
2019-07-01,1170.0,1230.0
2019-07-02,1050.0,1100.0
2019-07-03,926.0,964.0
2019-07-04,800.0,848.0
2019-07-05,756.0,793.0
2019-07-06,669.0,727.0
2019-07-07,506.0,538.0
2019-07-08,513.0,536.0
2019-07-09,520.0,543.0
2019-07-10,514.0,532.0
2019-07-11,487.0,508.0
2019-07-12,470.0,496.0
2019-07-13,463.0,498.0
2019-07-14,466.0,501.0
2019-07-15,469.0,503.0
2019-07-16,463.0,495.0
2019-07-17,462.0,491.0
2019-07-18,459.0,493.0
2019-07-19,384.0,438.0
2019-07-20,339.0,378.0
2019-07-21,340.0,376.0
2019-07-22,330.0,368.0
2019-07-23,334.0,367.0
2019-07-24,347.0,381.0
2019-07-25,342.0,377.0
2019-07-26,347.0,381.0
2019-07-27,363.0,401.0
2019-07-28,365.0,398.0
2019-07-29,358.0,400.0
2019-07-30,351.0,390.0
2019-07-31,357.0,404.0
2019-08-01,366.0,419.0
2019-08-02,361.0,406.0
2019-08-03,362.0,407.0
2019-08-04,371.0,414.0
2019-08-05,277.0,350.0
2019-08-06,208.0,257.0
2019-08-07,207.0,250.0
2019-08-08,206.0,258.0
2019-08-09,204.0,254.0
2019-08-10,203.0,252.0
2019-08-11,206.0,251.0
2019-08-12,197.0,245.0
2019-08-13,190.0,247.0
2019-08-14,193.0,240.0
2019-08-15,192.0,241.0
2019-08-16,191.0,243.0
2019-08-17,197.0,246.0
2019-08-18,198.0,250.0
2019-08-19,191.0,245.0
2019-08-20,187.0,238.0
2019-08-21,189.0,235.0
2019-08-22,183.0,234.0
2019-08-23,189.0,230.0
2019-08-24,187.0,226.0
2019-08-25,183.0,230.0
2019-08-26,180.0,227.0
2019-08-27,183.0,229.0
2019-08-28,191.0,231.0
2019-08-29,187.0,230.0
2019-08-30,189.0,231.0
2019-08-31,192.0,231.0
2019-09-01,193.0,231.0
2019-09-02,189.0,228.0
2019-09-03,159.0,186.0
2019-09-04,139.0,170.0
2019-09-05,140.0,169.0
2019-09-06,149.0,190.0
2019-09-07,151.0,193.0
2019-09-08,161.0,198.0
2019-09-09,167.0,210.0
2019-09-10,173.0,232.0
2019-09-11,194.0,298.0
2019-09-12,196.0,280.0
2019-09-13,195.0,261.0
2019-09-14,197.0,255.0
2019-09-15,193.0,255.0
2019-09-16,192.0,252.0
2019-09-17,194.0,249.0
2019-09-18,195.0,245.0
2019-09-19,191.0,238.0
2019-09-20,201.0,249.0
2019-09-21,210.0,265.0
2019-09-22,212.0,266.0
2019-09-23,171.0,228.0
2019-09-24,142.0,185.0
2019-09-25,145.0,192.0
2019-09-26,144.0,193.0
2019-09-27,145.0,191.0
2019-09-28,155.0,212.0
2019-09-29,156.0,211.0
2019-09-30,165.0,214.0
2019-10-01,158.0,208.0
2019-10-02,149.0,196.0
2019-10-03,150.0,194.0
2019-10-04,168.0,205.0
2019-10-05,194.0,225.0
2019-10-06,194.0,223.0
2019-10-07,180.0,213.0
2019-10-08,147.0,171.0
2019-10-09,146.0,170.0
2019-10-10,144.0,167.0
2019-10-11,144.0,166.0
2019-10-12,144.0,167.0
2019-10-13,144.0,167.0
2019-10-14,144.0,166.0
2019-10-15,144.0,163.0
2019-10-16,145.0,165.0
2019-10-17,148.0,165.0
2019-10-18,148.0,164.0
2019-10-19,149.0,163.0
2019-10-20,148.0,170.0
2019-10-21,145.0,163.0
2019-10-22,144.0,158.0
2019-10-23,144.0,157.0
2019-10-24,140.0,154.0
2019-10-25,132.0,151.0
2019-10-26,132.0,154.0
2019-10-27,133.0,153.0
2019-10-28,133.0,156.0
2019-10-29,133.0,153.0
2019-10-30,132.0,147.0
2019-10-31,132.0,149.0
2019-11-01,132.0,151.0
2019-11-02,131.0,158.0
2019-11-03,131.0,156.0
2019-11-04,132.0,152.0
2019-11-05,134.0,151.0
2019-11-06,133.0,151.0
2019-11-07,133.0,150.0
2019-11-08,133.0,153.0
2019-11-09,132.0,154.0
2019-11-10,132.0,155.0
2019-11-11,131.0,154.0
2019-11-12,131.0,154.0
2019-11-13,131.0,153.0
2019-11-14,130.0,153.0
2019-11-15,130.0,154.0
2019-11-16,129.0,152.0
2019-11-17,129.0,149.0
2019-11-18,128.0,149.0
2019-11-19,128.0,148.0
2019-11-20,131.0,154.0
2019-11-21,130.0,153.0
2019-11-22,130.0,150.0
2019-11-23,129.0,148.0
2019-11-24,129.0,147.0
2019-11-25,129.0,147.0
2019-11-26,129.0,147.0
2019-11-27,128.0,150.0
2019-11-28,128.0,148.0
2019-11-29,128.0,154.0
2019-11-30,127.0,150.0
2019-12-01,126.0,149.0
2019-12-02,126.0,154.0
2019-12-03,126.0,155.0
2019-12-04,123.0,151.0
2019-12-05,122.0,170.0
2019-12-06,121.0,170.0
2019-12-07,121.0,164.0
2019-12-08,123.0,164.0
2019-12-09,123.0,162.0
2019-12-10,122.0,156.0
2019-12-11,122.0,153.0
2019-12-12,122.0,156.0
2019-12-13,122.0,174.0
2019-12-14,122.0,176.0
2019-12-15,121.0,162.0
2019-12-16,121.0,154.0
2019-12-17,121.0,149.0
2019-12-18,121.0,150.0
2019-12-19,121.0,152.0
2019-12-20,121.0,149.0
2019-12-21,121.0,150.0
2019-12-22,121.0,149.0
2019-12-23,121.0,149.0
2019-12-24,121.0,152.0
2019-12-25,121.0,156.0
2019-12-26,121.0,153.0
2019-12-27,120.0,150.0
2019-12-28,120.0,150.0
2019-12-29,120.0,154.0
2019-12-30,120.0,159.0
2019-12-31,120.0,158.0
2020-01-01,121.0,161.0
2020-01-02,120.0,160.0
2020-01-03,120.0,159.0
2020-01-04,120.0,158.0
2020-01-05,120.0,157.0
2020-01-06,120.0,158.0
2020-01-07,121.0,157.0
2020-01-08,122.0,157.0
2020-01-09,123.0,158.0
2020-01-10,123.0,157.0
2020-01-11,123.0,156.0
2020-01-12,123.0,159.0
2020-01-13,123.0,158.0
2020-01-14,120.0,156.0
2020-01-15,119.0,150.0
2020-01-16,119.0,151.0
2020-01-17,119.0,154.0
2020-01-18,119.0,150.0
2020-01-19,119.0,149.0
2020-01-20,119.0,151.0
2020-01-21,119.0,154.0
2020-01-22,119.0,158.0
2020-01-23,118.0,156.0
2020-01-24,118.0,156.0
2020-01-25,118.0,156.0
2020-01-26,118.0,156.0
2020-01-27,118.0,162.0
2020-01-28,118.0,161.0
2020-01-29,118.0,158.0
2020-01-30,118.0,157.0
2020-01-31,118.0,156.0
2020-02-01,119.0,156.0
2020-02-02,121.0,156.0
2020-02-03,121.0,156.0
2020-02-04,121.0,149.0
2020-02-05,121.0,152.0
2020-02-06,121.0,158.0
2020-02-07,121.0,163.0
2020-02-08,122.0,162.0
2020-02-09,122.0,160.0
2020-02-10,117.0,152.0
2020-02-11,116.0,152.0
2020-02-12,118.0,154.0
2020-02-13,118.0,154.0
2020-02-14,118.0,155.0
2020-02-15,118.0,156.0
2020-02-16,118.0,156.0
2020-02-17,118.0,155.0
2020-02-18,118.0,149.0
2020-02-19,118.0,146.0
2020-02-20,117.0,146.0
2020-02-21,117.0,147.0
2020-02-22,117.0,148.0
2020-02-23,116.0,151.0
2020-02-24,118.0,152.0
2020-02-25,118.0,152.0
2020-02-26,118.0,152.0
2020-02-27,118.0,156.0
2020-02-28,118.0,161.0
2020-02-29,118.0,167.0
2020-03-01,119.0,169.0
2020-03-02,118.0,157.0
2020-03-03,118.0,159.0
2020-03-04,118.0,166.0
2020-03-05,119.0,173.0
2020-03-06,121.0,177.0
2020-03-07,122.0,172.0
2020-03-08,125.0,189.0
2020-03-09,122.0,172.0
2020-03-10,121.0,162.0
2020-03-11,121.0,160.0
2020-03-12,121.0,158.0
2020-03-13,122.0,158.0
2020-03-14,121.0,160.0
2020-03-15,121.0,160.0
2020-03-16,121.0,158.0
2020-03-17,121.0,158.0
2020-03-18,122.0,162.0
2020-03-19,122.0,165.0
2020-03-20,120.0,165.0
2020-03-21,118.0,158.0
2020-03-22,118.0,158.0
2020-03-23,118.0,156.0
2020-03-24,118.0,157.0
2020-03-25,120.0,167.0
2020-03-26,120.0,168.0
2020-03-27,118.0,160.0
2020-03-28,118.0,157.0
2020-03-29,118.0,154.0
2020-03-30,118.0,154.0
2020-03-31,118.0,152.0
2020-04-01,120.0,152.0
2020-04-02,118.0,153.0
2020-04-03,118.0,151.0
2020-04-04,118.0,150.0
2020-04-05,118.0,154.0
2020-04-06,118.0,153.0
2020-04-07,116.0,152.0
2020-04-08,111.0,146.0
2020-04-09,114.0,149.0
2020-04-10,116.0,148.0
2020-04-11,118.0,145.0
2020-04-12,118.0,147.0
2020-04-13,115.0,145.0
2020-04-14,112.0,143.0
2020-04-15,110.0,144.0
2020-04-16,110.0,147.0
2020-04-17,111.0,149.0
2020-04-18,116.0,152.0
2020-04-19,118.0,152.0
2020-04-20,118.0,148.0
2020-04-21,115.0,143.0
2020-04-22,114.0,142.0
2020-04-23,215.0,211.0
2020-04-24,299.0,319.0
2020-04-25,292.0,312.0
2020-04-26,275.0,298.0
2020-04-27,239.0,266.0
2020-04-28,243.0,270.0
2020-04-29,237.0,260.0
2020-04-30,232.0,249.0
2020-05-01,233.0,246.0
2020-05-02,235.0,254.0
2020-05-03,232.0,260.0
2020-05-04,231.0,263.0
2020-05-05,428.0,410.0
2020-05-06,572.0,590.0
2020-05-07,566.0,593.0
2020-05-08,560.0,582.0
2020-05-09,561.0,585.0
2020-05-10,564.0,587.0
2020-05-11,554.0,584.0
2020-05-12,539.0,571.0
2020-05-13,527.0,576.0
2020-05-14,531.0,576.0
2020-05-15,542.0,590.0
2020-05-16,540.0,588.0
2020-05-17,543.0,590.0
2020-05-18,673.0,710.0
2020-05-19,1280.0,1310.0
2020-05-20,1670.0,1910.0
2020-05-21,1640.0,1860.0
2020-05-22,1520.0,1660.0
2020-05-23,1300.0,1370.0
2020-05-24,1200.0,1220.0
2020-05-25,1190.0,1200.0
2020-05-26,979.0,1030.0
2020-05-27,887.0,911.0
2020-05-28,1120.0,1090.0
2020-05-29,1380.0,1360.0
2020-05-30,1540.0,1600.0
2020-05-31,1580.0,1650.0
2020-06-01,1490.0,1560.0
2020-06-02,1320.0,1360.0
2020-06-03,831.0,904.0
2020-06-04,566.0,605.0
2020-06-05,614.0,613.0
2020-06-06,746.0,731.0
2020-06-07,1210.0,1240.0
2020-06-08,1250.0,1280.0
2020-06-09,889.0,974.0
2020-06-10,723.0,763.0
2020-06-11,649.0,687.0
2020-06-12,575.0,603.0
2020-06-13,534.0,552.0
2020-06-14,533.0,552.0
2020-06-15,544.0,568.0
2020-06-16,544.0,568.0
2020-06-17,546.0,576.0
2020-06-18,537.0,574.0
2020-06-19,537.0,576.0
2020-06-20,529.0,562.0
2020-06-21,523.0,556.0
2020-06-22,517.0,551.0
2020-06-23,516.0,549.0
2020-06-24,510.0,539.0
2020-06-25,508.0,536.0
2020-06-26,417.0,473.0
2020-06-27,348.0,398.0
2020-06-28,352.0,402.0
2020-06-29,358.0,418.0
2020-06-30,362.0,423.0
2020-07-01,363.0,423.0
2020-07-02,351.0,409.0
2020-07-03,345.0,404.0
2020-07-04,345.0,403.0
2020-07-05,349.0,404.0
2020-07-06,350.0,399.0
2020-07-07,320.0,375.0
2020-07-08,347.0,398.0
2020-07-09,340.0,388.0
2020-07-10,336.0,379.0
2020-07-11,346.0,388.0
2020-07-12,349.0,376.0
2020-07-13,346.0,377.0
2020-07-14,334.0,368.0
2020-07-15,336.0,367.0
2020-07-16,341.0,371.0
2020-07-17,275.0,322.0
2020-07-18,235.0,279.0
2020-07-19,235.0,273.0
2020-07-20,234.0,266.0
2020-07-21,230.0,263.0
2020-07-22,241.0,272.0
2020-07-23,252.0,283.0
2020-07-24,257.0,282.0
2020-07-25,244.0,267.0
2020-07-26,258.0,275.0
2020-07-27,243.0,269.0
2020-07-28,245.0,269.0
2020-07-29,248.0,271.0
2020-07-30,245.0,271.0
2020-07-31,249.0,277.0
2020-08-01,245.0,275.0
2020-08-02,242.0,273.0
2020-08-03,239.0,273.0
2020-08-04,243.0,270.0
2020-08-05,236.0,266.0
2020-08-06,239.0,268.0
2020-08-07,242.0,272.0
2020-08-08,241.0,271.0
2020-08-09,235.0,261.0
2020-08-10,232.0,257.0
2020-08-11,229.0,261.0
2020-08-12,229.0,260.0
2020-08-13,231.0,261.0
2020-08-14,239.0,272.0
2020-08-15,232.0,265.0
2020-08-16,241.0,275.0
2020-08-17,233.0,270.0
2020-08-18,233.0,271.0
2020-08-19,201.0,242.0
2020-08-20,183.0,218.0
2020-08-21,183.0,224.0
2020-08-22,183.0,224.0
2020-08-23,185.0,226.0
2020-08-24,184.0,222.0
2020-08-25,179.0,216.0
2020-08-26,185.0,219.0
2020-08-27,184.0,220.0
2020-08-28,188.0,227.0
2020-08-29,194.0,234.0
2020-08-30,195.0,234.0
2020-08-31,201.0,241.0
2020-09-01,213.0,251.0
2020-09-02,217.0,250.0
2020-09-03,214.0,245.0
2020-09-04,213.0,242.0
2020-09-05,215.0,244.0
2020-09-06,219.0,246.0
2020-09-07,221.0,249.0
2020-09-08,231.0,250.0
2020-09-09,250.0,281.0
2020-09-10,251.0,277.0
2020-09-11,252.0,280.0
2020-09-12,247.0,275.0
2020-09-13,247.0,274.0
2020-09-14,235.0,263.0
2020-09-15,246.0,270.0
2020-09-16,252.0,279.0
2020-09-17,253.0,283.0
2020-09-18,254.0,284.0
2020-09-19,259.0,290.0
2020-09-20,262.0,290.0
2020-09-21,253.0,284.0
2020-09-22,258.0,286.0
2020-09-23,258.0,286.0
2020-09-24,259.0,284.0
2020-09-25,259.0,286.0
2020-09-26,259.0,285.0
2020-09-27,261.0,286.0
2020-09-28,269.0,296.0
2020-09-29,273.0,300.0
2020-09-30,277.0,306.0
2020-10-01,274.0,302.0
2020-10-02,276.0,301.0
2020-10-03,276.0,302.0
2020-10-04,271.0,295.0
2020-10-05,286.0,304.0
2020-10-06,307.0,332.0
2020-10-07,308.0,334.0
2020-10-08,312.0,339.0
2020-10-09,313.0,340.0
2020-10-10,314.0,336.0
2020-10-11,314.0,336.0
2020-10-12,314.0,337.0
2020-10-13,314.0,339.0
2020-10-14,317.0,339.0
2020-10-15,316.0,338.0
2020-10-16,314.0,341.0
2020-10-17,314.0,342.0
2020-10-18,314.0,342.0
2020-10-19,188.0,249.0
2020-10-20,129.0,169.0
2020-10-21,129.0,166.0
2020-10-22,131.0,163.0
2020-10-23,134.0,165.0
2020-10-24,137.0,167.0
2020-10-25,140.0,165.0
2020-10-26,140.0,163.0
2020-10-27,140.0,166.0
2020-10-28,140.0,164.0
2020-10-29,140.0,164.0
2020-10-30,140.0,163.0
2020-10-31,141.0,162.0
2020-11-01,143.0,161.0
2020-11-02,139.0,159.0
2020-11-03,134.0,157.0
2020-11-04,134.0,159.0
2020-11-05,132.0,159.0
2020-11-06,134.0,162.0
2020-11-07,134.0,164.0
2020-11-08,136.0,171.0
2020-11-09,135.0,169.0
2020-11-10,135.0,168.0
2020-11-11,134.0,169.0
2020-11-12,134.0,169.0
2020-11-13,135.0,165.0
2020-11-14,137.0,176.0
2020-11-15,137.0,169.0
2020-11-16,137.0,168.0
2020-11-17,136.0,167.0
2020-11-18,132.0,162.0
2020-11-19,126.0,154.0
2020-11-20,125.0,155.0
2020-11-21,124.0,154.0
2020-11-22,124.0,152.0
2020-11-23,124.0,152.0
2020-11-24,124.0,152.0
2020-11-25,123.0,153.0
2020-11-26,123.0,153.0
2020-11-27,123.0,152.0
2020-11-28,122.0,152.0
2020-11-29,122.0,153.0
2020-11-30,122.0,154.0
2020-12-01,122.0,155.0
2020-12-02,121.0,155.0
2020-12-03,121.0,153.0
2020-12-04,121.0,154.0
2020-12-05,122.0,156.0
2020-12-06,123.0,159.0
2020-12-07,123.0,160.0
2020-12-08,123.0,161.0
2020-12-09,122.0,161.0
2020-12-10,120.0,161.0
2020-12-11,120.0,162.0
2020-12-12,120.0,160.0
2020-12-13,119.0,156.0
2020-12-14,120.0,160.0
2020-12-15,121.0,161.0
2020-12-16,122.0,162.0
2020-12-17,122.0,164.0
2020-12-18,121.0,162.0
2020-12-19,121.0,161.0
2020-12-20,121.0,161.0
2020-12-21,121.0,163.0
2020-12-22,121.0,164.0
2020-12-23,121.0,163.0
2020-12-24,121.0,160.0
2020-12-25,121.0,160.0
2020-12-26,121.0,162.0
2020-12-27,121.0,164.0
2020-12-28,121.0,163.0
2020-12-29,121.0,162.0
2020-12-30,121.0,161.0
2020-12-31,121.0,163.0
2021-01-01,121.0,163.0
2021-01-02,121.0,162.0
2021-01-03,121.0,162.0
2021-01-04,121.0,164.0
2021-01-05,121.0,167.0
2021-01-06,123.0,165.0
2021-01-07,122.0,163.0
2021-01-08,122.0,164.0
2021-01-09,122.0,164.0
2021-01-10,121.0,163.0
2021-01-11,121.0,162.0
2021-01-12,123.0,164.0
2021-01-13,124.0,165.0
2021-01-14,123.0,164.0
2021-01-15,123.0,163.0
2021-01-16,125.0,166.0
2021-01-17,125.0,165.0
2021-01-18,126.0,167.0
2021-01-19,126.0,165.0
2021-01-20,123.0,162.0
2021-01-21,122.0,164.0
2021-01-22,122.0,166.0
2021-01-23,122.0,169.0
2021-01-24,122.0,165.0
2021-01-25,122.0,165.0
2021-01-26,122.0,162.0
2021-01-27,122.0,163.0
2021-01-28,122.0,164.0
2021-01-29,123.0,166.0
2021-01-30,122.0,167.0
2021-01-31,123.0,164.0
2021-02-01,123.0,164.0
2021-02-02,123.0,165.0
2021-02-03,124.0,204.0
2021-02-04,124.0,176.0
2021-02-05,124.0,171.0
2021-02-06,124.0,168.0
2021-02-07,124.0,168.0
2021-02-08,122.0,166.0
2021-02-09,121.0,165.0
2021-02-10,122.0,169.0
2021-02-11,122.0,170.0
2021-02-12,125.0,192.0
2021-02-13,125.0,188.0
2021-02-14,123.0,173.0
2021-02-15,122.0,174.0
2021-02-16,123.0,173.0
2021-02-17,122.0,170.0
2021-02-18,122.0,166.0
2021-02-19,122.0,164.0
2021-02-20,123.0,161.0
2021-02-21,123.0,160.0
2021-02-22,123.0,160.0
2021-02-23,123.0,161.0
2021-02-24,124.0,161.0
2021-02-25,123.0,159.0
2021-02-26,123.0,158.0
2021-02-27,124.0,157.0
2021-02-28,124.0,155.0
2021-03-01,124.0,155.0
2021-03-02,124.0,157.0
2021-03-03,125.0,162.0
2021-03-04,128.0,171.0
2021-03-05,128.0,173.0
2021-03-06,129.0,179.0
2021-03-07,132.0,178.0
2021-03-08,132.0,176.0
2021-03-09,132.0,172.0
2021-03-10,131.0,168.0
2021-03-11,132.0,169.0
2021-03-12,131.0,165.0
2021-03-13,130.0,168.0
2021-03-14,131.0,168.0
2021-03-15,131.0,163.0
2021-03-16,133.0,163.0
2021-03-17,129.0,158.0
2021-03-18,127.0,157.0
2021-03-19,128.0,155.0
2021-03-20,130.0,158.0
2021-03-21,130.0,159.0
2021-03-22,130.0,157.0
2021-03-23,129.0,155.0
2021-03-24,128.0,153.0
2021-03-25,128.0,153.0
2021-03-26,130.0,154.0
2021-03-27,131.0,154.0
2021-03-28,131.0,154.0
2021-03-29,132.0,154.0
2021-03-30,135.0,156.0
2021-03-31,133.0,155.0
2021-04-01,132.0,153.0
2021-04-02,132.0,154.0
2021-04-03,133.0,153.0
2021-04-04,133.0,155.0
2021-04-05,133.0,154.0
2021-04-06,132.0,152.0
2021-04-07,132.0,154.0
2021-04-08,132.0,156.0
2021-04-09,132.0,155.0
2021-04-10,133.0,153.0
2021-04-11,133.0,154.0
2021-04-12,134.0,153.0
2021-04-13,134.0,150.0
2021-04-14,136.0,156.0
2021-04-15,135.0,156.0
2021-04-16,135.0,155.0
2021-04-17,133.0,150.0
2021-04-18,134.0,150.0
2021-04-19,133.0,150.0
2021-04-20,132.0,149.0
2021-04-21,131.0,148.0
2021-04-22,162.0,171.0
2021-04-23,185.0,204.0
2021-04-24,186.0,205.0
2021-04-25,186.0,207.0
2021-04-26,178.0,206.0
2021-04-27,154.0,185.0
2021-04-28,161.0,192.0
2021-04-29,157.0,189.0
2021-04-30,150.0,182.0
2021-05-01,213.0,233.0
2021-05-02,256.0,296.0
2021-05-03,235.0,277.0
2021-05-04,213.0,255.0
2021-05-05,221.0,262.0
2021-05-06,228.0,269.0
2021-05-07,202.0,246.0
2021-05-08,195.0,238.0
2021-05-09,189.0,231.0
2021-05-10,191.0,238.0
2021-05-11,192.0,230.0
2021-05-12,195.0,231.0
2021-05-13,178.0,221.0
2021-05-14,163.0,204.0
2021-05-15,157.0,196.0
2021-05-16,159.0,195.0
2021-05-17,166.0,207.0
2021-05-18,166.0,206.0
2021-05-19,163.0,205.0
2021-05-20,159.0,205.0
2021-05-21,168.0,213.0
2021-05-22,181.0,230.0
2021-05-23,197.0,261.0
2021-05-24,185.0,249.0
2021-05-25,179.0,235.0
2021-05-26,168.0,220.0
2021-05-27,162.0,214.0
2021-05-28,150.0,200.0
2021-05-29,145.0,187.0
2021-05-30,162.0,207.0
2021-05-31,158.0,208.0
2021-06-01,148.0,196.0
2021-06-02,144.0,196.0
2021-06-03,139.0,195.0
2021-06-04,142.0,198.0
2021-06-05,145.0,198.0
2021-06-06,152.0,206.0
2021-06-07,151.0,198.0
2021-06-08,161.0,206.0
2021-06-09,156.0,201.0
2021-06-10,150.0,194.0
2021-06-11,155.0,202.0
2021-06-12,151.0,195.0
2021-06-13,164.0,211.0
2021-06-14,158.0,204.0
2021-06-15,166.0,211.0
2021-06-16,183.0,231.0
2021-06-17,181.0,229.0
2021-06-18,185.0,238.0
2021-06-19,169.0,219.0
2021-06-20,175.0,219.0
2021-06-21,166.0,207.0
2021-06-22,166.0,206.0
2021-06-23,175.0,211.0
2021-06-24,193.0,236.0
2021-06-25,197.0,246.0
2021-06-26,183.0,230.0
2021-06-27,197.0,238.0
2021-06-28,182.0,233.0
2021-06-29,177.0,222.0
2021-06-30,182.0,225.0
2021-07-01,182.0,223.0
2021-07-02,186.0,234.0
2021-07-03,189.0,231.0
2021-07-04,186.0,233.0
2021-07-05,175.0,220.0
2021-07-06,177.0,217.0
2021-07-07,176.0,216.0
2021-07-08,171.0,211.0
2021-07-09,175.0,209.0
2021-07-10,183.0,217.0
2021-07-11,182.0,221.0
2021-07-12,191.0,227.0
2021-07-13,178.0,211.0
2021-07-14,182.0,212.0
2021-07-15,183.0,212.0
2021-07-16,179.0,207.0
2021-07-17,185.0,213.0
2021-07-18,189.0,223.0
2021-07-19,181.0,218.0
2021-07-20,196.0,240.0
2021-07-21,183.0,223.0
2021-07-22,306.0,309.0
2021-07-23,384.0,399.0
2021-07-24,392.0,405.0
2021-07-25,390.0,404.0
2021-07-26,387.0,407.0
2021-07-27,396.0,414.0
2021-07-28,403.0,423.0
2021-07-29,406.0,425.0
2021-07-30,408.0,430.0
2021-07-31,403.0,421.0
2021-08-01,429.0,457.0
2021-08-02,440.0,470.0
2021-08-03,439.0,465.0
2021-08-04,437.0,459.0
2021-08-05,425.0,448.0
2021-08-06,410.0,434.0
2021-08-07,422.0,441.0
2021-08-08,425.0,444.0
2021-08-09,431.0,446.0
2021-08-10,412.0,430.0
2021-08-11,412.0,432.0
2021-08-12,411.0,430.0
2021-08-13,408.0,425.0
2021-08-14,406.0,423.0
2021-08-15,400.0,415.0
2021-08-16,395.0,412.0
2021-08-17,410.0,428.0
2021-08-18,476.0,550.0
2021-08-19,491.0,574.0
2021-08-20,485.0,519.0
2021-08-21,470.0,502.0
2021-08-22,463.0,503.0
2021-08-23,328.0,399.0
2021-08-24,266.0,319.0
2021-08-25,256.0,312.0
2021-08-26,241.0,301.0
2021-08-27,235.0,283.0
2021-08-28,242.0,293.0
2021-08-29,237.0,285.0
2021-08-30,214.0,266.0
2021-08-31,220.0,265.0
2021-09-01,224.0,273.0
2021-09-02,225.0,272.0
2021-09-03,243.0,290.0
2021-09-04,250.0,291.0
2021-09-05,250.0,292.0
2021-09-06,244.0,288.0
2021-09-07,232.0,271.0
2021-09-08,235.0,273.0
2021-09-09,232.0,268.0
2021-09-10,235.0,274.0
2021-09-11,239.0,280.0
2021-09-12,253.0,291.0
2021-09-13,252.0,291.0
2021-09-14,255.0,297.0
2021-09-15,250.0,291.0
2021-09-16,259.0,302.0
2021-09-17,256.0,299.0
2021-09-18,267.0,313.0
2021-09-19,269.0,313.0
2021-09-20,204.0,259.0
2021-09-21,180.0,222.0
2021-09-22,181.0,222.0
2021-09-23,180.0,219.0
2021-09-24,180.0,218.0
2021-09-25,179.0,215.0
2021-09-26,178.0,217.0
2021-09-27,165.0,204.0
2021-09-28,169.0,214.0
2021-09-29,132.0,170.0
2021-09-30,132.0,170.0
2021-10-01,135.0,174.0
2021-10-02,135.0,174.0
2021-10-03,135.0,171.0
2021-10-04,134.0,168.0
2021-10-05,134.0,167.0
2021-10-06,135.0,170.0
2021-10-07,138.0,174.0
2021-10-08,139.0,177.0
2021-10-09,138.0,191.0
2021-10-10,138.0,181.0
2021-10-11,139.0,180.0
2021-10-12,139.0,201.0
2021-10-13,137.0,187.0
2021-10-14,137.0,182.0
2021-10-15,137.0,178.0
2021-10-16,137.0,175.0
2021-10-17,137.0,172.0
2021-10-18,128.0,169.0
2021-10-19,122.0,173.0
2021-10-20,122.0,164.0
2021-10-21,123.0,160.0
2021-10-22,123.0,159.0
2021-10-23,124.0,159.0
2021-10-24,125.0,159.0
2021-10-25,124.0,160.0
2021-10-26,125.0,180.0
2021-10-27,125.0,168.0
2021-10-28,129.0,164.0
2021-10-29,134.0,170.0
2021-10-30,136.0,169.0
2021-10-31,136.0,168.0
2021-11-01,133.0,164.0
2021-11-02,131.0,164.0
2021-11-03,136.0,165.0
2021-11-04,134.0,163.0
2021-11-05,133.0,163.0
2021-11-06,135.0,162.0
2021-11-07,136.0,159.0
2021-11-08,132.0,160.0
2021-11-09,132.0,162.0
2021-11-10,133.0,172.0
2021-11-11,128.0,163.0
2021-11-12,134.0,164.0
2021-11-13,134.0,162.0
2021-11-14,134.0,162.0
2021-11-15,134.0,161.0
2021-11-16,134.0,159.0
2021-11-17,134.0,158.0
2021-11-18,133.0,157.0
2021-11-19,134.0,157.0
2021-11-20,134.0,160.0
2021-11-21,134.0,158.0
2021-11-22,134.0,157.0
2021-11-23,134.0,159.0
2021-11-24,135.0,156.0
2021-11-25,135.0,156.0
2021-11-26,135.0,156.0
2021-11-27,135.0,155.0
2021-11-28,135.0,155.0
2021-11-29,135.0,156.0
2021-11-30,135.0,155.0
2021-12-01,135.0,156.0
2021-12-02,135.0,156.0
2021-12-03,135.0,155.0
2021-12-04,135.0,156.0
2021-12-05,135.0,155.0
2021-12-06,135.0,155.0
2021-12-07,136.0,155.0
2021-12-08,136.0,154.0
2021-12-09,137.0,164.0
2021-12-10,136.0,164.0
2021-12-11,136.0,159.0
2021-12-12,136.0,161.0
2021-12-13,135.0,160.0
2021-12-14,136.0,163.0
2021-12-15,136.0,169.0
2021-12-16,136.0,163.0
2021-12-17,136.0,163.0
2021-12-18,136.0,158.0
2021-12-19,136.0,157.0
2021-12-20,135.0,156.0
2021-12-21,136.0,159.0
2021-12-22,136.0,158.0
2021-12-23,137.0,168.0
2021-12-24,137.0,208.0
2021-12-25,136.0,199.0
2021-12-26,137.0,182.0
2021-12-27,137.0,170.0
2021-12-28,137.0,168.0
2021-12-29,137.0,167.0
2021-12-30,140.0,166.0
2021-12-31,140.0,167.0
2022-01-01,140.0,166.0
2022-01-02,138.0,164.0
2022-01-03,137.0,164.0
2022-01-04,138.0,164.0
2022-01-05,139.0,170.0
2022-01-06,140.0,183.0
2022-01-07,140.0,187.0
2022-01-08,140.0,191.0
2022-01-09,140.0,176.0
2022-01-10,140.0,168.0
2022-01-11,140.0,166.0
2022-01-12,140.0,164.0
2022-01-13,140.0,164.0
2022-01-14,140.0,164.0
2022-01-15,140.0,163.0
2022-01-16,140.0,162.0
2022-01-17,140.0,162.0
2022-01-18,140.0,163.0
2022-01-19,140.0,162.0
2022-01-20,140.0,161.0
2022-01-21,140.0,163.0
2022-01-22,140.0,162.0
2022-01-23,140.0,161.0
2022-01-24,139.0,160.0
2022-01-25,137.0,160.0
2022-01-26,136.0,153.0
2022-01-27,136.0,151.0
2022-01-28,136.0,153.0
2022-01-29,136.0,150.0
2022-01-30,136.0,153.0
2022-01-31,137.0,154.0
2022-02-01,137.0,150.0
2022-02-02,136.0,149.0
2022-02-03,135.0,145.0
2022-02-04,132.0,147.0
2022-02-05,132.0,151.0
2022-02-06,132.0,153.0
2022-02-07,132.0,152.0
2022-02-08,131.0,153.0
2022-02-09,129.0,156.0
2022-02-10,129.0,158.0
2022-02-11,130.0,160.0
2022-02-12,131.0,159.0
2022-02-13,131.0,158.0
2022-02-14,132.0,159.0
2022-02-15,131.0,160.0
2022-02-16,131.0,159.0
2022-02-17,131.0,158.0
2022-02-18,132.0,159.0
2022-02-19,132.0,158.0
2022-02-20,132.0,159.0
2022-02-21,132.0,161.0
2022-02-22,132.0,157.0
2022-02-23,133.0,143.0
2022-02-24,129.0,151.0
2022-02-25,129.0,157.0
2022-02-26,129.0,154.0
2022-02-27,129.0,155.0
2022-02-28,129.0,157.0
2022-03-01,130.0,162.0
2022-03-02,132.0,167.0
2022-03-03,132.0,167.0
2022-03-04,132.0,165.0
2022-03-05,133.0,165.0
2022-03-06,132.0,166.0
2022-03-07,132.0,162.0
2022-03-08,132.0,160.0
2022-03-09,132.0,162.0
2022-03-10,132.0,159.0
2022-03-11,132.0,157.0
2022-03-12,132.0,160.0
2022-03-13,133.0,162.0
2022-03-14,132.0,163.0
2022-03-15,137.0,166.0
2022-03-16,134.0,164.0
2022-03-17,130.0,158.0
2022-03-18,129.0,156.0
2022-03-19,129.0,154.0
2022-03-20,133.0,155.0
2022-03-21,133.0,153.0
2022-03-22,131.0,152.0
2022-03-23,131.0,149.0
2022-03-24,132.0,149.0
2022-03-25,133.0,149.0
2022-03-26,133.0,149.0
2022-03-27,133.0,149.0
2022-03-28,134.0,149.0
2022-03-29,134.0,153.0
2022-03-30,134.0,151.0
2022-03-31,134.0,149.0
2022-04-01,132.0,143.0
2022-04-02,130.0,141.0
2022-04-03,130.0,140.0
2022-04-04,131.0,140.0
2022-04-05,132.0,142.0
2022-04-06,133.0,141.0
2022-04-07,135.0,144.0
2022-04-08,136.0,144.0
2022-04-09,137.0,145.0
2022-04-10,134.0,142.0
2022-04-11,132.0,141.0
2022-04-12,132.0,141.0
2022-04-13,131.0,141.0
2022-04-14,131.0,141.0
2022-04-15,134.0,144.0
2022-04-16,132.0,141.0
2022-04-17,132.0,141.0
2022-04-18,132.0,141.0
2022-04-19,132.0,141.0
2022-04-20,132.0,143.0
2022-04-21,132.0,141.0
2022-04-22,132.0,142.0
2022-04-23,132.0,143.0
2022-04-24,132.0,143.0
2022-04-25,132.0,144.0
2022-04-26,134.0,143.0
2022-04-27,144.0,147.0
2022-04-28,146.0,150.0
2022-04-29,144.0,150.0
2022-04-30,142.0,148.0
2022-05-01,140.0,148.0
2022-05-02,177.0,176.0
2022-05-03,191.0,214.0
2022-05-04,183.0,209.0
2022-05-05,185.0,206.0
2022-05-06,177.0,197.0
2022-05-07,173.0,189.0
2022-05-08,166.0,183.0
2022-05-09,179.0,213.0
2022-05-10,178.0,213.0
2022-05-11,174.0,197.0
2022-05-12,170.0,189.0
2022-05-13,162.0,183.0
2022-05-14,148.0,175.0
2022-05-15,142.0,165.0
2022-05-16,149.0,181.0
2022-05-17,145.0,208.0
2022-05-18,135.0,198.0
2022-05-19,128.0,201.0
2022-05-20,133.0,203.0
2022-05-21,132.0,185.0
2022-05-22,128.0,171.0
2022-05-23,134.0,179.0
2022-05-24,134.0,179.0
2022-05-25,132.0,171.0
2022-05-26,163.0,196.0
2022-05-27,184.0,225.0
2022-05-28,184.0,224.0
2022-05-29,200.0,258.0
2022-05-30,211.0,267.0
2022-05-31,206.0,258.0
2022-06-01,202.0,251.0
2022-06-02,196.0,239.0
2022-06-03,185.0,225.0
2022-06-04,172.0,211.0
2022-06-05,164.0,201.0
2022-06-06,161.0,197.0
2022-06-07,152.0,194.0
2022-06-08,154.0,194.0
2022-06-09,155.0,192.0
2022-06-10,155.0,189.0
2022-06-11,147.0,180.0
2022-06-12,147.0,180.0
2022-06-13,159.0,199.0
2022-06-14,174.0,214.0
2022-06-15,179.0,220.0
2022-06-16,168.0,205.0
2022-06-17,167.0,201.0
2022-06-18,168.0,199.0
2022-06-19,172.0,209.0
2022-06-20,171.0,206.0
2022-06-21,174.0,210.0
2022-06-22,177.0,216.0
2022-06-23,177.0,213.0
2022-06-24,172.0,203.0
2022-06-25,174.0,206.0
2022-06-26,180.0,211.0
2022-06-27,177.0,205.0
2022-06-28,174.0,203.0
2022-06-29,172.0,206.0
2022-06-30,168.0,203.0
2022-07-01,176.0,214.0
2022-07-02,172.0,205.0
2022-07-03,169.0,199.0
2022-07-04,158.0,189.0
2022-07-05,139.0,170.0
2022-07-06,139.0,166.0
2022-07-07,137.0,168.0
2022-07-08,134.0,164.0
2022-07-09,134.0,159.0
2022-07-10,136.0,161.0
2022-07-11,136.0,163.0
2022-07-12,128.0,150.0
2022-07-13,129.0,155.0
2022-07-14,139.0,169.0
2022-07-15,154.0,187.0
2022-07-16,143.0,184.0
2022-07-17,138.0,171.0
2022-07-18,137.0,172.0
2022-07-19,146.0,181.0
2022-07-20,151.0,190.0
2022-07-21,142.0,180.0
2022-07-22,143.0,181.0
2022-07-23,143.0,176.0
2022-07-24,145.0,178.0
2022-07-25,148.0,178.0
2022-07-26,143.0,175.0
2022-07-27,140.0,172.0
2022-07-28,139.0,174.0
2022-07-29,143.0,181.0
2022-07-30,138.0,180.0
2022-07-31,138.0,183.0
2022-08-01,139.0,181.0
2022-08-02,148.0,194.0
2022-08-03,154.0,203.0
2022-08-04,152.0,196.0
2022-08-05,154.0,198.0
2022-08-06,162.0,211.0
2022-08-07,164.0,214.0
2022-08-08,158.0,203.0
2022-08-09,149.0,192.0
2022-08-10,159.0,201.0
2022-08-11,166.0,210.0
2022-08-12,169.0,217.0
2022-08-13,178.0,225.0
2022-08-14,183.0,239.0
2022-08-15,183.0,236.0
2022-08-16,181.0,240.0
2022-08-17,172.0,225.0
2022-08-18,165.0,212.0
2022-08-19,162.0,207.0
2022-08-20,159.0,209.0
2022-08-21,169.0,219.0
2022-08-22,168.0,222.0
2022-08-23,170.0,217.0
2022-08-24,169.0,214.0
2022-08-25,151.0,197.0
2022-08-26,154.0,196.0
2022-08-27,145.0,184.0
2022-08-28,141.0,183.0
2022-08-29,138.0,178.0
2022-08-30,131.0,167.0
2022-08-31,133.0,168.0
2022-09-01,132.0,171.0
2022-09-02,135.0,176.0
2022-09-03,124.0,161.0
2022-09-04,137.0,166.0
2022-09-05,131.0,164.0
2022-09-06,144.0,169.0
2022-09-07,144.0,168.0
2022-09-08,140.0,163.0
2022-09-09,148.0,169.0
2022-09-10,142.0,166.0
2022-09-11,144.0,170.0
2022-09-12,143.0,171.0
2022-09-13,150.0,178.0
2022-09-14,177.0,234.0
2022-09-15,186.0,242.0
2022-09-16,191.0,241.0
2022-09-17,191.0,239.0
2022-09-18,190.0,234.0
2022-09-19,192.0,234.0
2022-09-20,197.0,239.0
2022-09-21,173.0,225.0
2022-09-22,143.0,185.0
2022-09-23,140.0,175.0
2022-09-24,138.0,172.0
2022-09-25,134.0,175.0
2022-09-26,138.0,179.0
2022-09-27,147.0,190.0
2022-09-28,154.0,194.0
2022-09-29,158.0,197.0
2022-09-30,160.0,201.0
2022-10-01,154.0,198.0
2022-10-02,152.0,193.0
2022-10-03,162.0,202.0
2022-10-04,166.0,205.0
2022-10-05,191.0,218.0
2022-10-06,163.0,204.0
2022-10-07,136.0,164.0
2022-10-08,136.0,165.0
2022-10-09,136.0,162.0
2022-10-10,136.0,163.0
2022-10-11,136.0,160.0
2022-10-12,136.0,158.0
2022-10-13,135.0,160.0
2022-10-14,136.0,160.0
2022-10-15,135.0,157.0
2022-10-16,136.0,158.0
2022-10-17,136.0,160.0
2022-10-18,133.0,159.0
2022-10-19,132.0,155.0
2022-10-20,138.0,159.0
2022-10-21,140.0,166.0
2022-10-22,144.0,181.0
2022-10-23,135.0,185.0
2022-10-24,136.0,166.0
2022-10-25,133.0,163.0
2022-10-26,134.0,165.0
2022-10-27,133.0,160.0
2022-10-28,132.0,159.0
2022-10-29,134.0,158.0
2022-10-30,136.0,157.0
2022-10-31,136.0,157.0
2022-11-01,136.0,154.0
2022-11-02,139.0,160.0
2022-11-03,135.0,156.0
2022-11-04,129.0,152.0
2022-11-05,129.0,156.0
2022-11-06,130.0,158.0
2022-11-07,131.0,157.0
2022-11-08,129.0,158.0
2022-11-09,130.0,186.0
2022-11-10,129.0,167.0
2022-11-11,129.0,161.0
2022-11-12,129.0,160.0
2022-11-13,129.0,158.0
2022-11-14,129.0,158.0
2022-11-15,129.0,157.0
2022-11-16,129.0,154.0
2022-11-17,129.0,152.0
2022-11-18,129.0,149.0
2022-11-19,129.0,147.0
2022-11-20,129.0,147.0
2022-11-21,129.0,148.0
2022-11-22,131.0,148.0
2022-11-23,132.0,148.0
2022-11-24,132.0,149.0
2022-11-25,132.0,148.0
2022-11-26,132.0,148.0
2022-11-27,132.0,149.0
2022-11-28,132.0,149.0
2022-11-29,132.0,149.0
2022-11-30,132.0,147.0
2022-12-01,132.0,148.0
2022-12-02,136.0,153.0
2022-12-03,134.0,147.0
2022-12-04,135.0,147.0
2022-12-05,136.0,154.0
2022-12-06,136.0,150.0
2022-12-07,135.0,145.0
2022-12-08,134.0,147.0
2022-12-09,134.0,146.0
2022-12-10,132.0,145.0
2022-12-11,133.0,147.0
2022-12-12,133.0,149.0
2022-12-13,131.0,146.0
2022-12-14,132.0,148.0
2022-12-15,132.0,147.0
2022-12-16,132.0,145.0
2022-12-17,132.0,145.0
2022-12-18,132.0,144.0
2022-12-19,132.0,142.0
2022-12-20,132.0,144.0
2022-12-21,134.0,147.0
2022-12-22,136.0,146.0
2022-12-23,135.0,146.0
2022-12-24,136.0,145.0
2022-12-25,136.0,145.0
2022-12-26,136.0,145.0
2022-12-27,139.0,163.0
2022-12-28,135.0,176.0
2022-12-29,132.0,164.0
2022-12-30,132.0,162.0
2022-12-31,135.0,197.0
2023-01-01,137.0,190.0
2023-01-02,136.0,170.0
2023-01-03,136.0,172.0
2023-01-04,134.0,169.0
2023-01-05,130.0,164.0
2023-01-06,129.0,164.0
2023-01-07,129.0,160.0
2023-01-08,129.0,157.0
2023-01-09,130.0,160.0
2023-01-10,134.0,179.0
2023-01-11,133.0,185.0
2023-01-12,132.0,173.0
2023-01-13,132.0,165.0
2023-01-14,132.0,163.0
2023-01-15,133.0,169.0
2023-01-16,133.0,167.0
2023-01-17,133.0,166.0
2023-01-18,133.0,166.0
2023-01-19,133.0,164.0
2023-01-20,134.0,161.0
2023-01-21,133.0,158.0
2023-01-22,133.0,158.0
2023-01-23,133.0,160.0
2023-01-24,133.0,158.0
2023-01-25,135.0,156.0
2023-01-26,136.0,156.0
2023-01-27,136.0,158.0
2023-01-28,136.0,157.0
2023-01-29,136.0,157.0
2023-01-30,136.0,153.0
2023-01-31,136.0,152.0
2023-02-01,136.0,155.0
2023-02-02,136.0,153.0
2023-02-03,136.0,153.0
2023-02-04,137.0,155.0
2023-02-05,139.0,155.0
2023-02-06,138.0,156.0
2023-02-07,137.0,154.0
2023-02-08,139.0,154.0
2023-02-09,140.0,152.0
2023-02-10,140.0,151.0
2023-02-11,140.0,152.0
2023-02-12,140.0,152.0
2023-02-13,137.0,150.0
2023-02-14,133.0,149.0
2023-02-15,135.0,141.0
2023-02-16,133.0,150.0
2023-02-17,133.0,147.0
2023-02-18,134.0,149.0
2023-02-19,136.0,153.0
2023-02-20,136.0,154.0
2023-02-21,137.0,158.0
2023-02-22,137.0,155.0
2023-02-23,136.0,156.0
2023-02-24,136.0,157.0
2023-02-25,136.0,156.0
2023-02-26,136.0,157.0
2023-02-27,138.0,159.0
2023-02-28,139.0,161.0
2023-03-01,138.0,159.0
2023-03-02,138.0,157.0
2023-03-03,138.0,157.0
2023-03-04,139.0,158.0
2023-03-05,140.0,160.0
2023-03-06,140.0,158.0
2023-03-07,140.0,157.0
2023-03-08,137.0,155.0
2023-03-09,136.0,155.0
2023-03-10,140.0,174.0
2023-03-11,140.0,190.0
2023-03-12,140.0,185.0
2023-03-13,140.0,189.0
2023-03-14,143.0,204.0
2023-03-15,151.0,271.0
2023-03-16,147.0,248.0
2023-03-17,144.0,232.0
2023-03-18,143.0,220.0
2023-03-19,141.0,212.0
2023-03-20,143.0,209.0
2023-03-21,141.0,199.0
2023-03-22,143.0,196.0
2023-03-23,143.0,193.0
2023-03-24,163.0,202.0
2023-03-25,194.0,235.0
2023-03-26,194.0,231.0
2023-03-27,194.0,229.0
2023-03-28,194.0,228.0
2023-03-29,194.0,232.0
2023-03-30,194.0,248.0
2023-03-31,194.0,254.0
2023-04-01,195.0,256.0
2023-04-02,199.0,296.0
2023-04-03,278.0,357.0
2023-04-04,317.0,365.0
2023-04-05,311.0,347.0
2023-04-06,306.0,341.0
2023-04-07,308.0,350.0
2023-04-08,313.0,383.0
2023-04-09,320.0,435.0
2023-04-10,328.0,455.0
2023-04-11,346.0,493.0
2023-04-12,367.0,534.0
2023-04-13,349.0,493.0
2023-04-14,517.0,552.0
2023-04-15,625.0,673.0
2023-04-16,631.0,678.0
2023-04-17,646.0,718.0
2023-04-18,651.0,728.0
2023-04-19,641.0,686.0
2023-04-20,635.0,669.0
2023-04-21,631.0,658.0
2023-04-22,632.0,652.0
2023-04-23,631.0,646.0
2023-04-24,633.0,651.0
2023-04-25,634.0,657.0
2023-04-26,634.0,654.0
2023-04-27,632.0,662.0
2023-04-28,634.0,680.0
2023-04-29,637.0,680.0
2023-04-30,642.0,695.0
2023-05-01,647.0,705.0
2023-05-02,649.0,716.0
2023-05-03,629.0,712.0
2023-05-04,613.0,717.0
2023-05-05,615.0,700.0
2023-05-06,618.0,671.0
2023-05-07,622.0,663.0
2023-05-08,618.0,651.0
2023-05-09,599.0,645.0
2023-05-10,595.0,652.0
2023-05-11,594.0,653.0
2023-05-12,601.0,662.0
2023-05-13,607.0,670.0
2023-05-14,605.0,723.0
2023-05-15,605.0,769.0
2023-05-16,593.0,770.0
2023-05-17,593.0,760.0
2023-05-18,658.0,806.0
2023-05-19,717.0,875.0
2023-05-20,773.0,929.0
2023-05-21,775.0,922.0
2023-05-22,766.0,916.0
2023-05-23,834.0,953.0
2023-05-24,1020.0,1160.0
2023-05-25,1120.0,1240.0
2023-05-26,1240.0,1340.0
2023-05-27,1280.0,1360.0
2023-05-28,1280.0,1350.0
2023-05-29,1270.0,1370.0
2023-05-30,1320.0,1430.0
2023-05-31,1380.0,1560.0
2023-06-01,1430.0,1680.0
2023-06-02,1440.0,1670.0
2023-06-03,1450.0,1670.0
2023-06-04,1460.0,1700.0
2023-06-05,1470.0,1680.0
2023-06-06,1490.0,1680.0
2023-06-07,1490.0,1680.0
2023-06-08,1490.0,1660.0
2023-06-09,1450.0,1620.0
2023-06-10,1380.0,1510.0
2023-06-11,1290.0,1420.0
2023-06-12,1190.0,1320.0
2023-06-13,1420.0,1500.0
2023-06-14,1640.0,1750.0
2023-06-15,1780.0,1910.0
2023-06-16,1850.0,1950.0
2023-06-17,1800.0,1930.0
2023-06-18,1680.0,1800.0
2023-06-19,1690.0,1790.0
2023-06-20,1690.0,1780.0
2023-06-21,1720.0,1780.0
2023-06-22,1800.0,1860.0
2023-06-23,1860.0,1890.0
2023-06-24,1920.0,1930.0
2023-06-25,1880.0,1900.0
2023-06-26,1510.0,1590.0
2023-06-27,961.0,1030.0
2023-06-28,735.0,792.0
2023-06-29,742.0,754.0
2023-06-30,959.0,946.0
2023-07-01,1020.0,1050.0
2023-07-02,843.0,905.0
2023-07-03,645.0,699.0
2023-07-04,557.0,609.0
2023-07-05,527.0,563.0
2023-07-06,521.0,556.0
2023-07-07,511.0,547.0
2023-07-08,509.0,543.0
2023-07-09,507.0,541.0
2023-07-10,508.0,536.0
2023-07-11,509.0,535.0
2023-07-12,558.0,565.0
2023-07-13,606.0,624.0
2023-07-14,608.0,631.0
2023-07-15,613.0,632.0
2023-07-16,609.0,637.0
2023-07-17,609.0,638.0
2023-07-18,522.0,574.0
2023-07-19,472.0,509.0
2023-07-20,473.0,525.0
2023-07-21,414.0,505.0
2023-07-22,360.0,450.0
2023-07-23,350.0,440.0
2023-07-24,362.0,440.0
2023-07-25,254.0,343.0
2023-07-26,153.0,204.0
2023-07-27,153.0,204.0
2023-07-28,155.0,203.0
2023-07-29,156.0,204.0
2023-07-30,149.0,201.0
2023-07-31,146.0,197.0
2023-08-01,145.0,199.0
2023-08-02,158.0,228.0
2023-08-03,172.0,263.0
2023-08-04,185.0,271.0
2023-08-05,190.0,267.0
2023-08-06,187.0,260.0
2023-08-07,186.0,258.0
2023-08-08,182.0,243.0
2023-08-09,178.0,233.0
2023-08-10,180.0,233.0
2023-08-11,177.0,228.0
2023-08-12,163.0,216.0
2023-08-13,173.0,225.0
2023-08-14,178.0,229.0
2023-08-15,169.0,232.0
2023-08-16,166.0,227.0
2023-08-17,179.0,233.0
2023-08-18,176.0,228.0
2023-08-19,185.0,236.0
2023-08-20,187.0,250.0
2023-08-21,181.0,247.0
2023-08-22,191.0,259.0
2023-08-23,198.0,268.0
2023-08-24,207.0,273.0
2023-08-25,210.0,278.0
2023-08-26,202.0,260.0
2023-08-27,194.0,256.0
2023-08-28,182.0,236.0
2023-08-29,174.0,230.0
2023-08-30,181.0,233.0
2023-08-31,181.0,228.0
2023-09-01,197.0,244.0
2023-09-02,205.0,261.0
2023-09-03,202.0,259.0
2023-09-04,205.0,292.0
2023-09-05,188.0,268.0
2023-09-06,169.0,230.0
2023-09-07,168.0,228.0
2023-09-08,167.0,224.0
2023-09-09,166.0,222.0
2023-09-10,158.0,214.0
2023-09-11,159.0,221.0
2023-09-12,152.0,215.0
2023-09-13,155.0,223.0
2023-09-14,159.0,229.0
2023-09-15,153.0,216.0
2023-09-16,155.0,216.0
2023-09-17,156.0,217.0
2023-09-18,156.0,219.0
2023-09-19,153.0,217.0
2023-09-20,151.0,214.0
2023-09-21,155.0,220.0
2023-09-22,158.0,232.0
2023-09-23,159.0,226.0
2023-09-24,162.0,227.0
2023-09-25,166.0,229.0
2023-09-26,166.0,225.0
2023-09-27,167.0,228.0
2023-09-28,166.0,227.0
2023-09-29,160.0,220.0
2023-09-30,164.0,222.0
2023-10-01,162.0,229.0
2023-10-02,191.0,279.0
2023-10-03,173.0,263.0
2023-10-04,157.0,228.0
2023-10-05,157.0,223.0
2023-10-06,157.0,221.0
2023-10-07,157.0,220.0
2023-10-08,157.0,219.0
2023-10-09,157.0,218.0
2023-10-10,158.0,218.0
2023-10-11,157.0,226.0
2023-10-12,159.0,230.0
2023-10-13,167.0,232.0
2023-10-14,177.0,231.0
2023-10-15,177.0,230.0
2023-10-16,146.0,201.0
2023-10-17,127.0,168.0
2023-10-18,127.0,167.0
2023-10-19,127.0,166.0
2023-10-20,127.0,163.0
2023-10-21,127.0,161.0
2023-10-22,126.0,159.0
2023-10-23,124.0,161.0
2023-10-24,128.0,163.0
2023-10-25,130.0,163.0
2023-10-26,129.0,165.0
2023-10-27,126.0,161.0
2023-10-28,125.0,161.0
2023-10-29,126.0,163.0
2023-10-30,127.0,163.0
2023-10-31,128.0,163.0
2023-11-01,129.0,158.0
2023-11-02,128.0,159.0
2023-11-03,127.0,158.0
2023-11-04,128.0,157.0
2023-11-05,128.0,158.0
2023-11-06,129.0,157.0
2023-11-07,130.0,164.0
2023-11-08,129.0,163.0
2023-11-09,130.0,157.0
2023-11-10,129.0,155.0
2023-11-11,129.0,155.0
2023-11-12,131.0,154.0
2023-11-13,131.0,154.0
2023-11-14,132.0,154.0
2023-11-15,133.0,154.0
2023-11-16,136.0,187.0
2023-11-17,132.0,166.0
2023-11-18,132.0,164.0
2023-11-19,133.0,170.0
2023-11-20,130.0,162.0
2023-11-21,129.0,161.0
2023-11-22,129.0,162.0
2023-11-23,129.0,163.0
2023-11-24,130.0,164.0
2023-11-25,130.0,162.0
2023-11-26,130.0,162.0
2023-11-27,130.0,161.0
2023-11-28,129.0,159.0
2023-11-29,129.0,158.0
2023-11-30,130.0,158.0
2023-12-01,130.0,157.0
2023-12-02,131.0,160.0
2023-12-03,132.0,167.0
2023-12-04,132.0,171.0
2023-12-05,132.0,167.0
2023-12-06,132.0,159.0
2023-12-07,133.0,157.0
2023-12-08,133.0,160.0
2023-12-09,132.0,155.0
2023-12-10,133.0,155.0
2023-12-11,130.0,154.0
2023-12-12,129.0,154.0
2023-12-13,129.0,154.0
2023-12-14,129.0,154.0
2023-12-15,129.0,153.0
2023-12-16,129.0,153.0
2023-12-17,129.0,154.0
2023-12-18,129.0,155.0
2023-12-19,129.0,158.0
2023-12-20,129.0,159.0
2023-12-21,129.0,158.0
2023-12-22,129.0,158.0
2023-12-23,129.0,159.0
2023-12-24,129.0,157.0
2023-12-25,129.0,158.0
2023-12-26,129.0,161.0
2023-12-27,129.0,163.0
2023-12-28,131.0,163.0
2023-12-29,132.0,161.0
2023-12-30,132.0,162.0
2023-12-31,132.0,162.0
2024-01-01,132.0,162.0
2024-01-02,130.0,166.0
2024-01-03,129.0,167.0
2024-01-04,129.0,167.0
2024-01-05,129.0,166.0
2024-01-06,129.0,160.0
2024-01-07,129.0,161.0
2024-01-08,129.0,159.0
2024-01-09,129.0,158.0
2024-01-10,131.0,165.0
2024-01-11,131.0,162.0
2024-01-12,131.0,161.0
2024-01-13,131.0,163.0
2024-01-14,132.0,168.0
2024-01-15,132.0,161.0
2024-01-16,134.0,154.0
2024-01-17,140.0,170.0
2024-01-18,135.0,167.0
2024-01-19,133.0,164.0
2024-01-20,132.0,162.0
2024-01-21,132.0,163.0
2024-01-22,132.0,160.0
2024-01-23,132.0,160.0
2024-01-24,131.0,164.0
2024-01-25,132.0,166.0
2024-01-26,132.0,163.0
2024-01-27,132.0,162.0
2024-01-28,132.0,162.0
2024-01-29,132.0,162.0
2024-01-30,132.0,162.0
2024-01-31,132.0,161.0
2024-02-01,134.0,163.0
2024-02-02,132.0,168.0
2024-02-03,132.0,170.0
2024-02-04,132.0,167.0
2024-02-05,133.0,170.0
2024-02-06,132.0,173.0
2024-02-07,133.0,183.0
2024-02-08,132.0,176.0
2024-02-09,132.0,172.0
2024-02-10,132.0,168.0
2024-02-11,132.0,163.0
2024-02-12,132.0,164.0
2024-02-13,132.0,164.0
2024-02-14,134.0,166.0
2024-02-15,135.0,173.0
2024-02-16,135.0,171.0
2024-02-17,134.0,169.0
2024-02-18,136.0,174.0
2024-02-19,136.0,172.0
2024-02-20,138.0,209.0
2024-02-21,141.0,235.0
2024-02-22,140.0,233.0
2024-02-23,138.0,217.0
2024-02-24,137.0,201.0
2024-02-25,136.0,195.0
2024-02-26,137.0,211.0
2024-02-27,137.0,217.0
2024-02-28,136.0,186.0
2024-02-29,136.0,185.0
2024-03-01,136.0,208.0
2024-03-02,138.0,228.0
2024-03-03,137.0,200.0
2024-03-04,135.0,185.0
2024-03-05,135.0,183.0
2024-03-06,135.0,189.0
2024-03-07,137.0,206.0
2024-03-08,135.0,199.0
2024-03-09,135.0,194.0
2024-03-10,136.0,199.0
2024-03-11,137.0,196.0
2024-03-12,138.0,190.0
2024-03-13,138.0,200.0
2024-03-14,137.0,186.0
2024-03-15,137.0,181.0
2024-03-16,137.0,179.0
2024-03-17,138.0,178.0
2024-03-18,247.0,258.0
2024-03-19,296.0,329.0
2024-03-20,296.0,332.0
2024-03-21,295.0,334.0
2024-03-22,295.0,334.0
2024-03-23,296.0,336.0
2024-03-24,297.0,342.0
2024-03-25,295.0,337.0
2024-03-26,290.0,335.0
2024-03-27,289.0,337.0
2024-03-28,291.0,345.0
2024-03-29,290.0,344.0
2024-03-30,291.0,352.0
2024-03-31,293.0,355.0
2024-04-01,290.0,343.0
2024-04-02,290.0,337.0
2024-04-03,290.0,336.0
2024-04-04,290.0,334.0
2024-04-05,289.0,341.0
2024-04-06,293.0,339.0
2024-04-07,292.0,339.0
2024-04-08,295.0,334.0
2024-04-09,296.0,330.0
2024-04-10,295.0,327.0
2024-04-11,293.0,328.0
2024-04-12,293.0,330.0
2024-04-13,294.0,335.0
2024-04-14,297.0,339.0
2024-04-15,298.0,342.0
2024-04-16,296.0,344.0
2024-04-17,496.0,486.0
2024-04-18,627.0,636.0
2024-04-19,623.0,628.0
2024-04-20,623.0,628.0
2024-04-21,623.0,635.0
2024-04-22,628.0,647.0
2024-04-23,632.0,657.0
2024-04-24,624.0,651.0
2024-04-25,615.0,649.0
2024-04-26,632.0,656.0
2024-04-27,634.0,649.0
2024-04-28,637.0,648.0
2024-04-29,623.0,636.0
2024-04-30,637.0,668.0
2024-05-01,729.0,741.0
2024-05-02,854.0,894.0
2024-05-03,854.0,902.0
2024-05-04,849.0,895.0
2024-05-05,853.0,898.0
2024-05-06,767.0,841.0
2024-05-07,629.0,676.0
2024-05-08,628.0,673.0
2024-05-09,628.0,675.0
2024-05-10,630.0,670.0
2024-05-11,630.0,667.0
2024-05-12,630.0,669.0
2024-05-13,626.0,669.0
2024-05-14,625.0,677.0
2024-05-15,623.0,690.0
2024-05-16,610.0,669.0
2024-05-17,601.0,654.0
2024-05-18,599.0,657.0
2024-05-19,600.0,672.0
2024-05-20,595.0,676.0
2024-05-21,591.0,657.0
2024-05-22,595.0,647.0
2024-05-23,586.0,633.0
2024-05-24,691.0,712.0
2024-05-25,890.0,964.0
2024-05-26,896.0,962.0
2024-05-27,892.0,953.0
2024-05-28,892.0,952.0
2024-05-29,868.0,948.0
2024-05-30,1030.0,1090.0
2024-05-31,1120.0,1220.0
2024-06-01,1300.0,1350.0
2024-06-02,1540.0,1680.0
2024-06-03,1710.0,1870.0
2024-06-04,1870.0,2010.0
2024-06-05,1820.0,1970.0
2024-06-06,1710.0,1790.0
2024-06-07,1660.0,1750.0
2024-06-08,1600.0,1690.0
2024-06-09,1600.0,1680.0
2024-06-10,1660.0,1730.0
2024-06-11,1610.0,1690.0
2024-06-12,1510.0,1570.0
2024-06-13,1310.0,1360.0
2024-06-14,1060.0,1120.0
2024-06-15,989.0,999.0
2024-06-16,990.0,1000.0
2024-06-17,1020.0,1040.0
2024-06-18,1040.0,1060.0
2024-06-19,988.0,1020.0
2024-06-20,815.0,846.0
2024-06-21,591.0,639.0
2024-06-22,485.0,516.0
2024-06-23,483.0,508.0
2024-06-24,485.0,504.0
2024-06-25,485.0,498.0
2024-06-26,480.0,495.0
2024-06-27,489.0,533.0
2024-06-28,497.0,513.0
2024-06-29,487.0,508.0
2024-06-30,472.0,493.0
2024-07-01,494.0,507.0
2024-07-02,516.0,523.0
2024-07-03,518.0,526.0
2024-07-04,525.0,536.0
2024-07-05,525.0,539.0
2024-07-06,522.0,519.0
2024-07-07,514.0,506.0
2024-07-08,294.0,352.0
2024-07-09,165.0,210.0
2024-07-10,154.0,193.0
2024-07-11,137.0,184.0
2024-07-12,142.0,185.0
2024-07-13,146.0,188.0
2024-07-14,140.0,184.0
2024-07-15,152.0,187.0
2024-07-16,143.0,182.0
2024-07-17,145.0,182.0
2024-07-18,151.0,186.0
2024-07-19,155.0,193.0
2024-07-20,150.0,183.0
2024-07-21,161.0,190.0
2024-07-22,161.0,188.0
2024-07-23,141.0,176.0
2024-07-24,152.0,181.0
2024-07-25,153.0,182.0
2024-07-26,163.0,192.0
2024-07-27,165.0,197.0
2024-07-28,167.0,195.0
2024-07-29,154.0,187.0
2024-07-30,155.0,182.0
2024-07-31,160.0,186.0
2024-08-01,159.0,189.0
2024-08-02,157.0,186.0
2024-08-03,147.0,180.0
2024-08-04,166.0,191.0
2024-08-05,161.0,186.0
2024-08-06,163.0,189.0
2024-08-07,156.0,186.0
2024-08-08,156.0,187.0
2024-08-09,147.0,187.0
2024-08-10,146.0,186.0
2024-08-11,142.0,186.0
2024-08-12,150.0,189.0
2024-08-13,175.0,215.0
2024-08-14,183.0,225.0
2024-08-15,186.0,232.0
2024-08-16,189.0,236.0
2024-08-17,174.0,237.0
2024-08-18,183.0,240.0
2024-08-19,191.0,242.0
2024-08-20,174.0,224.0
2024-08-21,168.0,217.0
2024-08-22,158.0,204.0
2024-08-23,156.0,204.0
2024-08-24,169.0,211.0
2024-08-25,172.0,213.0
2024-08-26,156.0,206.0
2024-08-27,160.0,204.0
2024-08-28,167.0,207.0
2024-08-29,162.0,205.0
2024-08-30,166.0,208.0
2024-08-31,170.0,208.0
2024-09-01,169.0,212.0
2024-09-02,176.0,217.0
2024-09-03,164.0,207.0
2024-09-04,146.0,196.0
2024-09-05,138.0,187.0
2024-09-06,143.0,189.0
2024-09-07,146.0,197.0
2024-09-08,145.0,189.0
2024-09-09,145.0,189.0
2024-09-10,144.0,194.0
2024-09-11,148.0,197.0
2024-09-12,153.0,202.0
2024-09-13,157.0,204.0
2024-09-14,158.0,207.0
2024-09-15,166.0,214.0
2024-09-16,166.0,213.0
2024-09-17,172.0,220.0
2024-09-18,177.0,228.0
2024-09-19,167.0,223.0
2024-09-20,149.0,202.0
2024-09-21,152.0,201.0
2024-09-22,152.0,202.0
2024-09-23,145.0,199.0
2024-09-24,138.0,190.0
2024-09-25,150.0,197.0
2024-09-26,149.0,201.0
2024-09-27,142.0,190.0
2024-09-28,141.0,192.0
2024-09-29,148.0,196.0
2024-09-30,154.0,201.0
2024-10-01,152.0,196.0
2024-10-02,158.0,203.0
2024-10-03,155.0,203.0
2024-10-04,155.0,202.0
2024-10-05,155.0,203.0
2024-10-06,156.0,203.0
2024-10-07,158.0,204.0
2024-10-08,167.0,209.0
2024-10-09,183.0,211.0
2024-10-10,168.0,200.0
2024-10-11,172.0,197.0
2024-10-12,174.0,198.0
2024-10-13,161.0,189.0
2024-10-14,141.0,171.0
2024-10-15,144.0,175.0
2024-10-16,148.0,175.0
2024-10-17,145.0,183.0
2024-10-18,137.0,174.0
2024-10-19,136.0,168.0
2024-10-20,137.0,166.0
2024-10-21,140.0,162.0
2024-10-22,145.0,166.0
2024-10-23,152.0,173.0
2024-10-24,143.0,167.0
2024-10-25,141.0,164.0
2024-10-26,143.0,165.0
2024-10-27,141.0,168.0
2024-10-28,142.0,167.0
2024-10-29,139.0,166.0
2024-10-30,136.0,162.0
2024-10-31,136.0,164.0
2024-11-01,139.0,165.0
2024-11-02,141.0,166.0
2024-11-03,142.0,168.0
2024-11-04,136.0,163.0
2024-11-05,133.0,160.0
2024-11-06,131.0,159.0
2024-11-07,128.0,160.0
2024-11-08,128.0,162.0
2024-11-09,128.0,163.0
2024-11-10,130.0,163.0
2024-11-11,131.0,163.0
2024-11-12,132.0,163.0
2024-11-13,131.0,163.0
2024-11-14,132.0,163.0
2024-11-15,134.0,163.0
2024-11-16,136.0,167.0
2024-11-17,136.0,165.0
2024-11-18,137.0,165.0
2024-11-19,137.0,165.0
2024-11-20,131.0,162.0
2024-11-21,131.0,163.0
2024-11-22,135.0,163.0
2024-11-23,136.0,163.0
2024-11-24,135.0,164.0
2024-11-25,136.0,163.0
2024-11-26,138.0,172.0
2024-11-27,137.0,171.0
2024-11-28,131.0,165.0
2024-11-29,131.0,162.0
2024-11-30,131.0,161.0
2024-12-01,131.0,161.0
2024-12-02,136.0,164.0
2024-12-03,138.0,167.0
2024-12-04,136.0,165.0
2024-12-05,135.0,165.0
2024-12-06,136.0,164.0
2024-12-07,135.0,162.0
2024-12-08,136.0,162.0
2024-12-09,136.0,161.0
2024-12-10,136.0,160.0
2024-12-11,135.0,159.0
2024-12-12,138.0,161.0
2024-12-13,136.0,162.0
2024-12-14,136.0,161.0
2024-12-15,136.0,160.0
2024-12-16,138.0,161.0
2024-12-17,139.0,164.0
2024-12-18,136.0,161.0
2024-12-19,137.0,161.0
2024-12-20,136.0,160.0
2024-12-21,136.0,160.0
2024-12-22,137.0,162.0
2024-12-23,138.0,162.0
2024-12-24,137.0,162.0
2024-12-25,140.0,167.0
2024-12-26,137.0,165.0
2024-12-27,140.0,171.0
2024-12-28,141.0,175.0
2024-12-29,139.0,178.0
2024-12-30,135.0,178.0
2024-12-31,131.0,164.0
2025-01-01,132.0,161.0
2025-01-02,136.0,166.0
2025-01-03,136.0,164.0
2025-01-04,135.0,164.0
2025-01-05,132.0,162.0
2025-01-06,135.0,163.0
2025-01-07,135.0,162.0
2025-01-08,134.0,159.0
2025-01-09,135.0,160.0
2025-01-10,136.0,159.0
2025-01-11,136.0,163.0
2025-01-12,136.0,162.0
2025-01-13,136.0,160.0
2025-01-14,133.0,159.0
2025-01-15,133.0,159.0
2025-01-16,134.0,158.0
2025-01-17,135.0,159.0
2025-01-18,136.0,157.0
2025-01-19,135.0,155.0
2025-01-20,135.0,153.0
2025-01-21,133.0,155.0
2025-01-22,135.0,156.0
2025-01-23,137.0,157.0
2025-01-24,136.0,157.0
2025-01-25,136.0,159.0
2025-01-26,135.0,157.0
2025-01-27,135.0,156.0
2025-01-28,135.0,156.0
2025-01-29,135.0,155.0
2025-01-30,134.0,156.0
2025-01-31,132.0,156.0
2025-02-01,132.0,165.0
2025-02-02,134.0,200.0
2025-02-03,136.0,205.0
2025-02-04,137.0,192.0
2025-02-05,136.0,186.0
2025-02-06,136.0,179.0
2025-02-07,139.0,225.0
2025-02-08,136.0,198.0
2025-02-09,136.0,181.0
2025-02-10,136.0,176.0
2025-02-11,136.0,173.0
2025-02-12,136.0,172.0
2025-02-13,137.0,168.0
2025-02-14,137.0,187.0
2025-02-15,136.0,182.0
2025-02-16,135.0,177.0
2025-02-17,133.0,176.0
2025-02-18,132.0,174.0
2025-02-19,135.0,172.0
2025-02-20,136.0,175.0
2025-02-21,136.0,174.0
2025-02-22,136.0,173.0
2025-02-23,136.0,173.0
2025-02-24,138.0,178.0
2025-02-25,140.0,184.0
2025-02-26,136.0,183.0
2025-02-27,136.0,181.0
2025-02-28,137.0,183.0
2025-03-01,138.0,188.0
2025-03-02,139.0,202.0
2025-03-03,141.0,215.0
2025-03-04,141.0,217.0
2025-03-05,142.0,213.0
2025-03-06,148.0,259.0
2025-03-07,144.0,227.0
2025-03-08,141.0,206.0
2025-03-09,141.0,199.0
2025-03-10,141.0,195.0
2025-03-11,141.0,188.0
2025-03-12,141.0,184.0
2025-03-13,139.0,188.0
2025-03-14,136.0,191.0
2025-03-15,136.0,185.0
2025-03-16,136.0,181.0
2025-03-17,136.0,178.0
2025-03-18,133.0,176.0
2025-03-19,131.0,175.0
2025-03-20,131.0,173.0
2025-03-21,131.0,172.0
2025-03-22,131.0,173.0
2025-03-23,131.0,172.0
2025-03-24,245.0,234.0
2025-03-25,312.0,304.0
2025-03-26,312.0,306.0
2025-03-27,312.0,305.0
2025-03-28,313.0,306.0
2025-03-29,313.0,306.0
2025-03-30,313.0,305.0
2025-03-31,314.0,307.0
2025-04-01,312.0,313.0
2025-04-02,311.0,308.0
2025-04-03,312.0,309.0
2025-04-04,313.0,308.0
2025-04-05,313.0,307.0
2025-04-06,313.0,307.0
2025-04-07,313.0,307.0
2025-04-08,314.0,308.0
2025-04-09,255.0,258.0
2025-04-10,313.0,306.0
2025-04-11,313.0,304.0
2025-04-12,313.0,304.0
2025-04-13,315.0,302.0
2025-04-14,317.0,304.0
2025-04-15,319.0,305.0
2025-04-16,319.0,306.0
2025-04-17,323.0,319.0
2025-04-18,323.0,315.0
2025-04-19,316.0,308.0
2025-04-20,313.0,308.0
2025-04-21,321.0,313.0
2025-04-22,319.0,308.0
2025-04-23,308.0,304.0
2025-04-24,294.0,298.0
2025-04-25,284.0,294.0
2025-04-26,284.0,292.0
2025-04-27,284.0,287.0
2025-04-28,263.0,273.0
2025-04-29,247.0,259.0
2025-04-30,255.0,270.0
2025-05-01,254.0,273.0
2025-05-02,232.0,257.0
2025-05-03,235.0,254.0
2025-05-04,229.0,255.0
2025-05-05,237.0,270.0
2025-05-06,248.0,296.0
2025-05-07,238.0,283.0
2025-05-08,237.0,282.0
2025-05-09,216.0,262.0
2025-05-10,210.0,248.0
2025-05-11,207.0,246.0
2025-05-12,211.0,267.0
2025-05-13,196.0,260.0
2025-05-14,196.0,249.0
2025-05-15,413.0,397.0
2025-05-16,506.0,508.0
2025-05-17,519.0,522.0
2025-05-18,525.0,539.0
2025-05-19,732.0,699.0
2025-05-20,845.0,823.0
2025-05-21,846.0,822.0
2025-05-22,825.0,804.0
2025-05-23,808.0,791.0
2025-05-24,818.0,802.0
2025-05-25,813.0,801.0
2025-05-26,808.0,790.0
2025-05-27,658.0,678.0
2025-05-28,263.0,342.0
2025-05-29,160.0,213.0
2025-05-30,160.0,209.0
2025-05-31,161.0,208.0
2025-06-01,166.0,209.0
2025-06-02,156.0,193.0
2025-06-03,373.0,345.0
2025-06-04,476.0,479.0
2025-06-05,480.0,490.0
2025-06-06,489.0,502.0
2025-06-07,502.0,515.0
2025-06-08,495.0,508.0
2025-06-09,501.0,511.0
2025-06-10,500.0,507.0
2025-06-11,502.0,506.0
2025-06-12,505.0,514.0
2025-06-13,498.0,510.0
2025-06-14,508.0,517.0
2025-06-15,502.0,508.0
2025-06-16,499.0,510.0
2025-06-17,496.0,511.0
2025-06-18,494.0,510.0
2025-06-19,482.0,498.0
2025-06-20,482.0,492.0
2025-06-21,484.0,497.0
2025-06-22,487.0,500.0
2025-06-23,342.0,409.0
2025-06-24,145.0,189.0
2025-06-25,153.0,181.0
2025-06-26,165.0,187.0
2025-06-27,164.0,188.0
2025-06-28,146.0,174.0
2025-06-29,153.0,172.0
2025-06-30,149.0,170.0
2025-07-01,154.0,171.0
2025-07-02,161.0,185.0
2025-07-03,154.0,178.0
2025-07-04,168.0,186.0
2025-07-05,175.0,192.0
2025-07-06,161.0,183.0
2025-07-07,143.0,170.0
2025-07-08,131.0,157.0
2025-07-09,143.0,161.0
2025-07-10,215.0,216.0
2025-07-11,157.0,174.0
2025-07-12,166.0,185.0
2025-07-13,155.0,178.0
2025-07-14,157.0,178.0
2025-07-15,157.0,180.0
2025-07-16,152.0,182.0
2025-07-17,161.0,184.0
2025-07-18,173.0,198.0
2025-07-19,169.0,199.0
2025-07-20,182.0,195.0
2025-07-21,175.0,202.0
2025-07-22,166.0,183.0
2025-07-23,173.0,189.0
2025-07-24,174.0,185.0
2025-07-25,179.0,191.0
2025-07-26,183.0,195.0
2025-07-27,176.0,191.0
2025-07-28,179.0,193.0
2025-07-29,188.0,204.0
2025-07-30,168.0,199.0
2025-07-31,173.0,199.0
2025-08-01,167.0,197.0
2025-08-02,161.0,193.0
2025-08-03,170.0,198.0
2025-08-04,309.0,277.0
2025-08-05,475.0,457.0
2025-08-06,479.0,463.0
2025-08-07,485.0,467.0
2025-08-08,474.0,457.0
2025-08-09,489.0,468.0
2025-08-10,508.0,485.0
2025-08-11,496.0,474.0
2025-08-12,504.0,485.0
2025-08-13,498.0,482.0
2025-08-14,501.0,490.0
2025-08-15,496.0,481.0
2025-08-16,503.0,488.0
2025-08-17,503.0,489.0
2025-08-18,509.0,499.0
2025-08-19,503.0,490.0
2025-08-20,505.0,491.0
2025-08-21,508.0,498.0
2025-08-22,503.0,493.0
2025-08-23,523.0,516.0
2025-08-24,542.0,535.0
2025-08-25,527.0,521.0
2025-08-26,536.0,538.0
2025-08-27,538.0,550.0
2025-08-28,551.0,555.0
2025-08-29,554.0,559.0
2025-08-30,557.0,558.0
2025-08-31,560.0,561.0
2025-09-01,549.0,552.0
2025-09-02,529.0,530.0
2025-09-03,535.0,534.0
2025-09-04,528.0,534.0
2025-09-05,530.0,535.0
2025-09-06,535.0,541.0
2025-09-07,538.0,541.0
2025-09-08,537.0,539.0
2025-09-09,537.0,538.0
2025-09-10,543.0,546.0
2025-09-11,548.0,555.0
2025-09-12,558.0,562.0
2025-09-13,561.0,568.0
2025-09-14,562.0,565.0
2025-09-15,567.0,569.0
2025-09-16,565.0,566.0
2025-09-17,562.0,565.0
2025-09-18,561.0,565.0
2025-09-19,560.0,567.0
2025-09-20,566.0,572.0
2025-09-21,566.0,574.0
2025-09-22,566.0,574.0
2025-09-23,575.0,580.0
2025-09-24,580.0,586.0
2025-09-25,576.0,580.0
2025-09-26,573.0,577.0
2025-09-27,579.0,583.0
2025-09-28,580.0,582.0
2025-09-29,582.0,584.0
2025-09-30,589.0,592.0
2025-10-01,394.0,443.0
2025-10-02,280.0,301.0
2025-10-03,303.0,309.0
2025-10-04,324.0,344.0
2025-10-05,324.0,339.0
2025-10-06,218.0,270.0
2025-10-07,144.0,184.0
2025-10-08,142.0,182.0
2025-10-09,145.0,181.0
2025-10-10,147.0,197.0
2025-10-11,147.0,188.0
2025-10-12,148.0,192.0
2025-10-13,150.0,185.0
2025-10-14,147.0,182.0
2025-10-15,140.0,174.0
2025-10-16,142.0,191.0
2025-10-17,141.0,180.0
2025-10-18,141.0,177.0
2025-10-19,142.0,176.0
2025-10-20,144.0,175.0
2025-10-21,142.0,174.0
2025-10-22,140.0,170.0
2025-10-23,140.0,169.0
2025-10-24,141.0,170.0
2025-10-25,141.0,171.0
2025-10-26,144.0,172.0
2025-10-27,146.0,173.0
2025-10-28,144.0,170.0
2025-10-29,141.0,167.0
2025-10-30,141.0,168.0
2025-10-31,141.0,170.0
2025-11-01,145.0,172.0
2025-11-02,146.0,171.0
2025-11-03,143.0,172.0
2025-11-04,139.0,164.0
2025-11-05,140.0,164.0
2025-11-06,141.0,165.0
2025-11-07,142.0,167.0
2025-11-08,146.0,166.0
2025-11-09,146.0,166.0
2025-11-10,147.0,167.0
2025-11-11,146.0,164.0
2025-11-12,146.0,165.0
2025-11-13,146.0,166.0
2025-11-14,145.0,166.0
2025-11-15,145.0,164.0
2025-11-16,147.0,167.0
2025-11-17,143.0,164.0
2025-11-18,143.0,162.0
2025-11-19,142.0,164.0
2025-11-20,138.0,165.0
2025-11-21,136.0,163.0
2025-11-22,136.0,163.0
2025-11-23,138.0,164.0
2025-11-24,140.0,164.0
2025-11-25,140.0,164.0
2025-11-26,136.0,161.0
2025-11-27,136.0,161.0
2025-11-28,136.0,163.0
2025-11-29,136.0,164.0
2025-11-30,137.0,166.0
2025-12-01,138.0,168.0
2025-12-02,131.0,161.0
2025-12-03,131.0,160.0
2025-12-04,131.0,159.0
2025-12-05,131.0,161.0
2025-12-06,136.0,185.0
2025-12-07,132.0,170.0
2025-12-08,131.0,164.0
2025-12-09,135.0,166.0
2025-12-10,131.0,161.0
2025-12-11,131.0,160.0
2025-12-12,166.0,185.0
2025-12-13,135.0,164.0
2025-12-14,135.0,161.0
2025-12-15,136.0,161.0
2025-12-16,135.0,161.0
2025-12-17,136.0,167.0
2025-12-18,135.0,166.0
2025-12-23,136.0,163.0
2025-12-24,136.0,163.0
2025-12-25,136.0,168.0
2025-12-26,136.0,169.0
2025-12-27,139.0,181.0
2025-12-28,137.0,173.0
2025-12-29,134.0,159.0
2025-12-30,140.0,163.0
2025-12-31,141.0,163.0
